date,total_cases,daily_cases,total_deaths,daily_deaths,people_vaccinated,,,,,,,,
6/3/2020,1,0,1,1,0,,,,,,,,
7/3/2020,9,8,1,0,0,,,,,,,,
8/3/2020,9,0,1,0,0,,,,,,,,
9/3/2020,11,2,1,0,0,,,,,,,,
10/3/2020,13,2,2,1,0,,,,,,,,
11/3/2020,15,2,2,0,0,,,,,,,,
12/3/2020,17,2,2,0,0,,,,,,,,
13/3/2020,26,9,2,0,0,,,,,,,,
14/3/2020,32,6,3,1,0,,,,,,,,
15/3/2020,47,15,3,0,0,,,,,,,,
16/3/2020,75,28,3,0,0,,,,,,,,
17/3/2020,90,15,5,2,0,,,,,,,,
18/3/2020,121,31,5,0,0,,,,,,,,
19/3/2020,234,113,9,4,0,,,,,,,,
20/3/2020,234,0,15,6,0,,,,,,,,
21/3/2020,318,84,20,5,0,,,,,,,,
22/3/2020,318,0,26,6,0,,,,,,,,
23/3/2020,318,0,30,4,0,,,,,,,,
24/3/2020,395,77,34,4,0,,,,,,,,
25/3/2020,416,21,39,5,0,,,,,,,,
26/3/2020,480,64,45,6,0,,,,,,,,
27/3/2020,580,100,57,12,0,,,,,,,,
28/3/2020,580,0,63,6,0,,,,,,,,
29/3/2020,635,55,71,8,0,,,,,,,,
30/3/2020,671,36,86,15,0,,,,,,,,
31/3/2020,852,181,95,9,0,,,,,,,,
1/4/2020,1065,213,113,18,0,,,,,,,,
2/4/2020,1323,258,138,25,0,,,,,,,,
3/4/2020,1323,0,161,23,0,,,,,,,,
4/4/2020,1414,91,183,22,0,,,,,,,,
5/4/2020,1595,181,209,26,0,,,,,,,,
6/4/2020,1746,151,258,49,0,,,,,,,,
7/4/2020,2281,535,317,59,0,,,,,,,,
8/4/2020,2561,280,360,43,0,,,,,,,,
9/4/2020,2954,393,423,63,0,,,,,,,,
10/4/2020,4342,1388,471,48,0,,,,,,,,
11/4/2020,5256,914,569,98,0,,,,,,,,
12/4/2020,5897,641,650,81,0,,,,,,,,
13/4/2020,6848,951,753,103,0,,,,,,,,
14/4/2020,7519,671,846,93,0,,,,,,,,
15/4/2020,7519,0,952,106,0,,,,,,,,
16/4/2020,10303,2784,1061,109,0,,,,,,,,
17/4/2020,11475,1172,1200,139,0,,,,,,,,
18/4/2020,13489,2014,1333,133,0,,,,,,,,
19/4/2020,13489,0,1490,157,0,,,,,,,,
20/4/2020,14420,931,1628,138,0,,,,,,,,
21/4/2020,15628,1208,1786,158,0,,,,,,,,
22/4/2020,16325,697,1990,204,0,,,,,,,,
23/4/2020,17837,1512,2199,209,0,,,,,,,,
24/4/2020,19250,1413,2418,219,0,,,,,,,,
25/4/2020,20914,1664,2664,246,0,,,,,,,,
26/4/2020,21648,734,2910,246,0,,,,,,,,
27/4/2020,25331,3683,3198,288,0,,,,,,,,
28/4/2020,27517,2186,3488,290,0,,,,,,,,
29/4/2020,28699,1182,3793,305,0,,,,,,,,
30/4/2020,31190,2491,4106,313,0,,,,,,,,
1/5/2020,33931,2741,4450,344,0,,,,,,,,
2/5/2020,36976,3045,4782,332,0,,,,,,,,
3/5/2020,40459,3483,5181,399,0,,,,,,,,
4/5/2020,42534,2075,5589,408,0,,,,,,,,
5/5/2020,45928,3394,6004,415,0,,,,,,,,
6/5/2020,47372,1444,6442,438,0,,,,,,,,
7/5/2020,51189,3817,6871,429,0,,,,,,,,
8/5/2020,54817,3628,7328,457,0,,,,,,,,
9/5/2020,58526,3709,7809,481,0,,,,,,,,
10/5/2020,61847,3321,8263,454,0,,,,,,,,
11/5/2020,65015,3168,8740,477,0,,,,,,,,
12/5/2020,67307,2292,9258,518,0,,,,,,,,
13/5/2020,68822,1515,9778,520,0,,,,,,,,
14/5/2020,72059,3237,10294,516,0,,,,,,,,
15/5/2020,76306,4247,10760,466,0,,,,,,,,
16/5/2020,80604,4298,11277,517,0,,,,,,,,
17/5/2020,84495,3891,11824,547,0,,,,,,,,
18/5/2020,88541,4046,12333,509,0,,,,,,,,
19/5/2020,92273,3732,12835,502,0,,,,,,,,
20/5/2020,94933,2660,13369,534,0,,,,,,,,
21/5/2020,99483,4550,13984,615,0,,,,,,,,
22/5/2020,104020,4537,14512,528,0,,,,,,,,
23/5/2020,108769,4749,15056,544,0,,,,,,,,
24/5/2020,111698,2929,15583,527,0,,,,,,,,
25/5/2020,115754,4056,16101,518,0,,,,,,,,
26/5/2020,119959,4205,16644,543,0,,,,,,,,
27/5/2020,123979,4020,17216,572,0,,,,,,,,
28/5/2020,129751,5772,17796,580,0,,,,,,,,
29/5/2020,135905,6154,18340,544,0,,,,,,,,
30/5/2020,141779,5874,18929,589,0,,,,,,,,
31/5/2020,148285,6506,19483,554,0,,,,,,,,
1/6/2020,155671,7386,20116,633,0,,,,,,,,
2/6/2020,164476,8805,20715,599,0,,,,,,,,
3/6/2020,170039,5563,21284,569,0,,,,,,,,
4/6/2020,174884,4845,21946,662,0,,,,,,,,
5/6/2020,178914,4030,22485,539,0,,,,,,,,
6/6/2020,183198,4284,23034,549,0,,,,,,,,
7/6/2020,187400,4202,23651,617,0,,,,,,,,
8/6/2020,191758,4358,24239,588,0,,,,,,,,
9/6/2020,196515,4757,24851,612,0,,,,,,,,
10/6/2020,199696,3181,25421,570,0,,,,,,,,
11/6/2020,203736,4040,26040,619,0,,,,,,,,
12/6/2020,208823,5087,26637,597,0,,,,,,,,
13/6/2020,214788,5965,27254,617,0,,,,,,,,
14/6/2020,220749,5961,27856,602,0,,,,,,,,
15/6/2020,225132,4383,28420,564,0,,,,,,,,
16/6/2020,229736,4604,29047,627,0,,,,,,,,
17/6/2020,232992,3256,29645,598,0,,,,,,,,
18/6/2020,237156,4164,30275,630,0,,,,,,,,
19/6/2020,240908,3752,30889,614,0,,,,,,,,
20/6/2020,244388,3480,31495,606,0,,,,,,,,
21/6/2020,247925,3537,32020,525,0,,,,,,,,
22/6/2020,251338,3413,32637,617,0,,,,,,,,
23/6/2020,254936,3598,33225,588,0,,,,,,,,
24/6/2020,257447,2511,33770,545,0,,,,,,,,
25/6/2020,260810,3363,34311,541,0,,,,,,,,
26/6/2020,264689,3879,34864,553,0,,,,,,,,
27/6/2020,268602,3913,35394,530,0,,,,,,,,
28/6/2020,272364,3762,35912,518,0,,,,,,,,
29/6/2020,275989,3625,36439,527,0,,,,,,,,
30/6/2020,279419,3430,36974,535,0,,,,,,,,
1/7/2020,282365,2946,37512,538,0,,,,,,,,
2/7/2020,285213,2848,38011,499,0,,,,,,,,
3/7/2020,288477,3264,38568,557,0,,,,,,,,
4/7/2020,292004,3527,39101,533,0,,,,,,,,
5/7/2020,295599,3595,39637,536,0,,,,,,,,
6/7/2020,299080,3481,40205,568,0,,,,,,,,
7/7/2020,302718,3638,40728,523,0,,,,,,,,
8/7/2020,305703,2985,41310,582,0,,,,,,,,
9/7/2020,309278,3575,41870,560,0,,,,,,,,
10/7/2020,312911,3633,42414,544,0,,,,,,,,
11/7/2020,316448,3537,42985,571,0,,,,,,,,
12/7/2020,319646,3198,43507,522,0,,,,,,,,
13/7/2020,322710,3064,44085,578,0,,,,,,,,
14/7/2020,326326,3616,44667,582,0,,,,,,,,
15/7/2020,330123,3797,45258,591,0,,,,,,,,
16/7/2020,333867,3744,45856,598,0,,,,,,,,
17/7/2020,337724,3857,46453,597,0,,,,,,,,
18/7/2020,341586,3862,47071,618,0,,,,,,,,
19/7/2020,345537,3951,47643,572,0,,,,,,,,
20/7/2020,349500,3963,48242,599,0,,,,,,,,
21/7/2020,353590,4090,48842,600,0,,,,,,,,
22/7/2020,357681,4091,49434,592,0,,,,,,,,
23/7/2020,362087,4406,50064,630,0,,,,,,,,
24/7/2020,366550,4463,50665,601,0,,,,,,,,
25/7/2020,371096,4546,51283,618,0,,,,,,,,
26/7/2020,375961,4865,51902,619,0,,,,,,,,
27/7/2020,379884,3923,52483,581,0,,,,,,,,
28/7/2020,384797,4913,53100,617,0,,,,,,,,
29/7/2020,389717,4920,53723,623,0,,,,,,,,
30/7/2020,395005,5288,54379,656,0,,,,,,,,
31/7/2020,400683,5678,54995,616,0,,,,,,,,
1/8/2020,407492,6809,55584,589,0,,,,,,,,
2/8/2020,414735,7243,56188,604,0,,,,,,,,
3/8/2020,422183,7448,56822,634,0,,,,,,,,
4/8/2020,428850,6667,57493,671,0,,,,,,,,
5/8/2020,433100,4250,58072,579,0,,,,,,,,
6/8/2020,439890,6790,58735,663,0,,,,,,,,
7/8/2020,447624,7734,59393,658,0,,,,,,,,
8/8/2020,455409,7785,59996,603,0,,,,,,,,
9/8/2020,463875,8466,60627,631,0,,,,,,,,
10/8/2020,471012,7137,61296,669,0,,,,,,,,
11/8/2020,478024,7012,61949,653,0,,,,,,,,
12/8/2020,483133,5109,62534,585,0,,,,,,,,
13/8/2020,489680,6547,63170,636,0,,,,,,,,
14/8/2020,498555,8875,63758,588,0,,,,,,,,
15/8/2020,507996,9441,64381,623,0,,,,,,,,
16/8/2020,516296,8300,65036,655,0,,,,,,,,
17/8/2020,525803,9507,65687,651,0,,,,,,,,
18/8/2020,535946,10143,66272,585,0,,,,,,,,
19/8/2020,541493,5547,66823,551,0,,,,,,,,
20/8/2020,549321,7828,67437,614,0,,,,,,,,
21/8/2020,558420,9099,68013,576,0,,,,,,,,
22/8/2020,567059,8639,68530,517,0,,,,,,,,
23/8/2020,576067,9008,69036,506,0,,,,,,,,
24/8/2020,585236,9169,69557,521,0,,,,,,,,
25/8/2020,594326,9090,70072,515,0,,,,,,,,
26/8/2020,600438,6112,70597,525,0,,,,,,,,
27/8/2020,607382,6944,71111,514,0,,,,,,,,
28/8/2020,613378,5996,71636,525,0,,,,,,,,
29/8/2020,621997,8619,72082,446,0,,,,,,,,
30/8/2020,629961,7964,72573,491,0,,,,,,,,
31/8/2020,639435,9474,73059,486,0,,,,,,,,
1/9/2020,647166,7731,73487,428,0,,,,,,,,
2/9/2020,652037,4871,73872,385,0,,,,,,,,
3/9/2020,657129,5092,74300,428,0,,,,,,,,
4/9/2020,663437,6308,74677,377,0,,,,,,,,
5/9/2020,670145,6708,75078,401,0,,,,,,,,
6/9/2020,676848,6703,75438,360,0,,,,,,,,
7/9/2020,683702,6854,75804,366,0,,,,,,,,
8/9/2020,689977,6275,76165,361,0,,,,,,,,
9/9/2020,691575,1598,76519,354,0,,,,,,,,
10/9/2020,696190,4615,76852,333,0,,,,,,,,
11/9/2020,702776,6586,77173,321,0,,,,,,,,
12/9/2020,710067,7291,77496,323,0,,,,,,,,
13/9/2020,716670,6603,77799,303,0,,,,,,,,
14/9/2020,722832,6162,78093,294,0,,,,,,,,
15/9/2020,729619,6787,78384,291,0,,,,,,,,
16/9/2020,733860,4241,78663,279,0,,,,,,,,
17/9/2020,738020,4160,78951,288,0,,,,,,,,
18/9/2020,744400,6380,79232,281,0,,,,,,,,
19/9/2020,750098,5698,79492,260,0,,,,,,,,
20/9/2020,756412,6314,79745,253,0,,,,,,,,
21/9/2020,762865,6453,79992,247,0,,,,,,,,
22/9/2020,768895,6030,80275,283,0,,,,,,,,
23/9/2020,772896,4001,80516,241,0,,,,,,,,
24/9/2020,776546,3650,80750,234,0,,,,,,,,
25/9/2020,782695,6149,80984,234,0,,,,,,,,
26/9/2020,788930,6235,81206,222,0,,,,,,,,
27/9/2020,794584,5654,81420,214,0,,,,,,,,
28/9/2020,800142,5558,81639,219,0,,,,,,,,
29/9/2020,805302,5160,81870,231,0,,,,,,,,
30/9/2020,808714,3412,82036,166,0,,,,,,,,
1/10/2020,811768,3054,82236,200,0,,,,,,,,
2/10/2020,814829,3061,82412,176,0,,,,,,,,
3/10/2020,818297,3468,82572,160,0,,,,,,,,
4/10/2020,821564,3267,82755,183,0,,,,,,,,
5/10/2020,824985,3421,82916,161,0,,,,,,,,
6/10/2020,828169,3184,83087,171,0,,,,,,,,
7/10/2020,829999,1830,83270,183,0,,,,,,,,
8/10/2020,832929,2930,83437,167,0,,,,,,,,
9/10/2020,835662,2733,83612,175,0,,,,,,,,
10/10/2020,838614,2952,83793,181,0,,,,,,,,
11/10/2020,843355,4741,83945,152,0,,,,,,,,
12/10/2020,846088,2733,84104,159,0,,,,,,,,
13/10/2020,849371,3283,84257,153,0,,,,,,,,
14/10/2020,851171,1800,84393,136,0,,,,,,,,
15/10/2020,853974,2803,84542,149,0,,,,,,,,
16/10/2020,856951,2977,84691,149,0,,,,,,,,
17/10/2020,859740,2789,84827,136,0,,,,,,,,
18/10/2020,862417,2677,84959,132,0,,,,,,,,
19/10/2020,865549,3132,85107,148,0,,,,,,,,
20/10/2020,868675,3126,85234,127,0,,,,,,,,
21/10/2020,870876,2201,85356,122,0,,,,,,,,
22/10/2020,874118,3242,85499,143,0,,,,,,,,
23/10/2020,876885,2767,85635,136,0,,,,,,,,
24/10/2020,879876,2991,85763,128,0,,,,,,,,
25/10/2020,883116,3240,85876,113,0,,,,,,,,
26/10/2020,886214,3098,85992,116,0,,,,,,,,
27/10/2020,888715,2501,86097,105,0,,,,,,,,
28/10/2020,890574,1859,86190,93,0,,,,,,,,
29/10/2020,892497,1923,86314,124,0,,,,,,,,
30/10/2020,894928,2431,86425,111,0,,,,,,,,
31/10/2020,897594,2666,86546,121,0,,,,,,,,
1/11/2020,900180,2586,86653,107,0,,,,,,,,
2/11/2020,902503,2323,86780,127,0,,,,,,,,
3/11/2020,904911,2408,86873,93,0,,,,,,,,
4/11/2020,906545,1634,86987,114,0,,,,,,,,
5/11/2020,908902,2357,87093,106,0,,,,,,,,
6/11/2020,911787,2885,87191,98,0,,,,,,,,
7/11/2020,914722,2935,87317,126,0,,,,,,,,
8/11/2020,917503,2781,87414,97,0,,,,,,,,
9/11/2020,920010,2507,87521,107,0,,,,,,,,
10/11/2020,922333,2323,87613,92,0,,,,,,,,
11/11/2020,923527,1194,87717,104,0,,,,,,,,
12/11/2020,925431,1904,87827,110,0,,,,,,,,
13/11/2020,928006,2575,87931,104,0,,,,,,,,
14/11/2020,930237,2231,88024,93,0,,,,,,,,
15/11/2020,932650,2413,88119,95,0,,,,,,,,
16/11/2020,934899,2249,88242,123,0,,,,,,,,
17/11/2020,937011,2112,88345,103,0,,,,,,,,
18/11/2020,938268,1257,88413,68,0,,,,,,,,
19/11/2020,939931,1663,88506,93,0,,,,,,,,
20/11/2020,941951,2020,88609,103,0,,,,,,,,
21/11/2020,943917,1966,88701,92,0,,,,,,,,
22/11/2020,946087,2170,88783,82,0,,,,,,,,
23/11/2020,948081,1994,88886,103,0,,,,,,,,
24/11/2020,949670,1589,88991,105,0,,,,,,,,
25/11/2020,950557,887,89078,87,0,,,,,,,,
26/11/2020,952439,1882,89179,101,0,,,,,,,,
27/11/2020,954459,2020,89282,103,0,,,,,,,,
28/11/2020,956347,1888,89373,91,0,,,,,,,,
29/11/2020,958324,1977,89474,101,0,,,,,,,,
30/11/2020,960368,2044,89560,86,0,,,,,,,,
1/12/2020,962530,2162,89653,93,0,,,,,,,,
2/12/2020,963605,1075,89738,85,0,,,,,,,,
3/12/2020,965228,1623,89850,112,0,,,,,,,,
4/12/2020,967075,1847,89952,102,0,,,,,,,,
5/12/2020,968846,1771,90062,110,0,,,,,,,,
6/12/2020,970860,2014,90143,81,0,,,,,,,,
7/12/2020,972688,1828,90246,103,0,,,,,,,,
8/12/2020,973912,1224,90339,93,0,,,,,,,,
9/12/2020,975116,1204,90444,105,0,,,,,,,,
10/12/2020,976621,1505,90554,110,0,,,,,,,,
11/12/2020,977312,691,90644,90,0,,,,,,,,
12/12/2020,979111,1799,90744,100,0,,,,,,,,
13/12/2020,980943,1832,90846,102,0,,,,,,,,
14/12/2020,983045,2102,90967,121,0,,,,,,,,
15/12/2020,984973,1928,91088,121,0,,,,,,,,
16/12/2020,986130,1157,91193,105,0,,,,,,,,
17/12/2020,987675,1545,91314,121,0,,,,,,,,
18/12/2020,989457,1782,91415,101,0,,,,,,,,
19/12/2020,991518,2061,91525,110,0,,,,,,,,
20/12/2020,993760,2242,91657,132,0,,,,,,,,
21/12/2020,995899,2139,91775,118,0,,,,,,,,
22/12/2020,997517,1618,91906,131,0,,,,,,,,
23/12/2020,998475,958,92030,124,0,,,,,,,,
24/12/2020,1000153,1678,92150,120,0,,,,,,,,
25/12/2020,1002263,2110,92277,127,0,,,,,,,,
26/12/2020,1003982,1719,92405,128,0,,,,,,,,
27/12/2020,1005546,1564,92523,118,0,,,,,,,,
28/12/2020,1006318,772,92647,124,0,,,,,,,,
29/12/2020,1007657,1339,92788,141,0,,,,,,,,
30/12/2020,1008908,1251,92923,135,0,,,,,,,,
31/12/2020,1010496,1588,93066,143,0,,,,,,,,
1/1/2021,1012614,2118,93192,126,0,,,,,,,,
2/1/2021,1015137,2523,93366,174,0,,,,,,,,
3/1/2021,1017199,2062,93528,162,0,,,,,,,,
4/1/2021,1018099,900,93675,147,0,,,,,,,,
5/1/2021,1019475,1376,93872,197,0,,,,,,,,
6/1/2021,1021058,1583,94045,173,0,,,,,,,,
7/1/2021,1022018,960,94255,210,0,,,,,,,,
8/1/2021,1024432,2414,94437,182,0,,,,,,,,
9/1/2021,1026690,2258,94615,178,0,,,,,,,,
10/1/2021,1029471,2781,94823,208,0,,,,,,,,
11/1/2021,1032275,2804,95054,231,0,,,,,,,,
12/1/2021,1035184,2909,95274,220,0,,,,,,,,
13/1/2021,1037350,2166,95531,257,0,,,,,,,,
14/1/2021,1040231,2881,95785,254,0,,,,,,,,
15/1/2021,1043640,3409,96029,244,0,,,,,,,,
16/1/2021,1048662,5022,96346,317,0,,,,,,,,
17/1/2021,1056023,7361,96621,275,0,,,,,,,,
18/1/2021,1060567,4544,96953,332,0,,,,,,,,
19/1/2021,1064909,4342,97304,351,0,,,,,,,,
20/1/2021,1068802,3893,97629,325,0,,,,,,,,
21/1/2021,1073214,4412,98023,394,0,,,,,,,,
22/1/2021,1078675,5461,98442,419,0,,,,,,,,
23/1/2021,1082907,4232,98834,392,0,,,,,,,,
24/1/2021,1088096,5189,99275,441,0,,,,,,,,
25/1/2021,1093938,5842,99721,446,0,,,,,,,,
26/1/2021,1099013,5075,100222,501,0,,,,,,,,
27/1/2021,1102795,3782,100691,469,0,,,,,,,,
28/1/2021,1107239,4444,101274,583,0,,,,,,,,
29/1/2021,1113970,6731,101782,508,0,,,,,,,,
30/1/2021,1119685,5715,102303,521,0,,,,,,,,
31/1/2021,1125875,6190,102859,556,0,,,,,,,,
1/2/2021,1133022,7147,103396,537,0,,,,,,,,
2/2/2021,1138239,5217,103957,561,0,,,,,,,,
3/2/2021,1142716,4477,104588,631,0,,,,,,,,
4/2/2021,1149764,7048,105199,611,0,,,,,,,,
5/2/2021,1158337,8573,105760,561,0,,,,,,,,
6/2/2021,1165052,6715,106326,566,0,,,,,,,,
7/2/2021,1173045,7993,106952,626,0,,,,,,,,
8/2/2021,1180478,7433,107598,646,0,,,,,,,,
9/2/2021,1186698,6220,108181,583,3859,,,,,,,,
10/2/2021,1191221,4523,108836,655,20470,,,,,,,,
11/2/2021,1196778,5557,109501,665,54593,,,,,,,,
12/2/2021,1203502,6724,110184,683,86972,,,,,,,,
13/2/2021,1212309,8807,110845,661,105844,,,,,,,,
14/2/2021,1220748,8439,111530,685,111144,,,,,,,,
15/2/2021,1227205,6457,112268,738,122639,,,,,,,,
16/2/2021,1235298,8093,112946,678,130171,,,,,,,,
17/2/2021,1238501,3203,113634,688,134130,,,,,,,,
18/2/2021,1244729,6228,114315,681,141536,,,,,,,,
19/2/2021,1252137,7408,115046,731,172077,,,,,,,,
20/2/2021,1261804,9667,115759,713,198209,,,,,,,,
21/2/2021,1269523,7719,116442,683,202771,,,,,,,,
22/2/2021,1275899,6376,117158,716,233276,,,,,,,,
23/2/2021,1283309,7410,117851,693,260668,,,,,,,,
24/2/2021,1286757,3448,118556,705,283581,,,,,,,,
25/2/2021,1293497,6740,119255,699,299466,,,,,,,,
26/2/2021,1300799,7302,119905,650,315386,,,,,,,,
27/2/2021,1308722,7923,120582,677,322190,,,,,,,,
28/2/2021,1316363,7641,121260,678,323190,,,,,,,,
1/3/2021,1323863,7500,121940,680,332495,,,,,,,,
2/3/2021,1329805,5942,122632,692,339637,,,,,,,,
3/3/2021,1332939,3134,123300,668,346032,,,,,,,,
4/3/2021,1338297,5358,124032,732,349819,,,,,,,,
5/3/2021,1344969,6672,124718,686,354485,,,,,,,,
6/3/2021,1349847,4878,125428,710,357525,,,,,,,,
7/3/2021,1358294,8447,126092,664,357668,,,,,,,,
8/3/2021,1364964,6670,126758,666,376001,,,,,,,,
9/3/2021,1371176,6212,127389,631,395618,,,,,,,,
10/3/2021,1374467,3291,127980,591,408598,,,,,,,,
11/3/2021,1380023,5556,128646,666,417179,,,,,,,,
12/3/2021,1387457,7434,129328,682,425973,,,,,,,,
13/3/2021,1394571,7114,129951,623,432192,,,,,,,,
14/3/2021,1402610,8039,130614,663,432918,,,,,,,,
15/3/2021,1407963,5353,131237,623,451086,,,,,,,,
16/3/2021,1412406,4443,131883,646,473755,,,,,,,,
17/3/2021,1418974,6568,132523,640,496168,,,,,,,,
18/3/2021,1427604,8630,133197,674,522388,,,,,,,,
19/3/2021,1435598,7994,133872,675,548066,,,,,,,,
20/3/2021,1443521,7923,134539,667,566244,,,,,,,,
21/3/2021,1451645,8124,135241,702,566932,,,,,,,,
22/3/2021,1460779,9134,135905,664,575636,,,,,,,,
23/3/2021,1466326,5547,136525,620,591286,,,,,,,,
24/3/2021,1472790,6464,137184,659,605961,,,,,,,,
25/3/2021,1481259,8469,137861,677,618928,,,,,,,,
26/3/2021,1492519,11260,138573,712,635562,,,,,,,,
27/3/2021,1500465,7946,139283,710,646862,,,,,,,,
28/3/2021,1512384,11919,139965,682,648962,,,,,,,,
29/3/2021,1520973,8589,140669,704,653883,,,,,,,,
30/3/2021,1529882,8909,141432,763,658545,,,,,,,,
31/3/2021,1533121,3239,142170,738,666220,,,,,,,,
1/4/2021,1540077,6956,142864,694,668705,,,,,,,,
2/4/2021,1548807,8730,143613,749,669871,,,,,,,,
3/4/2021,1561723,12916,144359,746,672577,,,,,,,,
4/4/2021,1568345,6622,145107,748,672865,,,,,,,,
5/4/2021,1573961,5616,145847,740,679085,,,,,,,,
6/4/2021,1582367,8406,146592,745,690879,,,,,,,,
7/4/2021,1590209,7842,147358,766,704772,,,,,,,,
8/4/2021,1598593,8384,148153,795,721752,,,,,,,,
9/4/2021,1607898,9305,148918,765,738390,,,,,,,,
10/4/2021,1617864,9966,149666,748,742593,,,,,,,,
11/4/2021,1628519,10655,150448,782,742629,,,,,,,,
12/4/2021,1639767,11248,151285,837,743542,,,,,,,,
13/4/2021,1647694,7927,152088,803,745435,,,,,,,,
14/4/2021,1653320,5626,152899,811,748173,,,,,,,,
15/4/2021,1659707,6387,153720,821,750032,,,,,,,,
16/4/2021,1667737,8030,154551,831,769743,,,,,,,,
17/4/2021,1681063,13326,155330,779,799389,,,,,,,,
18/4/2021,1689051,7988,156082,752,827318,,,,,,,,
19/4/2021,1697626,8575,156912,830,834286,,,,,,,,
20/4/2021,1704757,7131,157691,779,845557,,,,,,,,
21/4/2021,1707787,3030,158511,820,855424,,,,,,,,
22/4/2021,1719088,11301,159343,832,863655,,,,,,,,
23/4/2021,1726806,7718,160186,843,890071,,,,,,,,
24/4/2021,1734606,7800,160980,794,917762,,,,,,,,
25/4/2021,1745655,11049,161809,829,933323,,,,,,,,
26/4/2021,1754150,8495,162630,821,948689,,,,,,,,
27/4/2021,1761575,7425,163384,754,968402,,,,,,,,
28/4/2021,1768186,6611,164145,761,1007940,,,,,,,,
29/4/2021,1775062,6876,164899,754,1052687,,,,,,,,
30/4/2021,1783339,8277,165628,729,1133964,,,,,,,,
1/5/2021,1791998,8659,166382,754,1197138,,,,,,,,
2/5/2021,1799445,7447,167172,790,1245162,,,,,,,,
3/5/2021,1804915,5470,167872,700,1304564,,,,,,,,
4/5/2021,1810998,6083,168593,721,1327444,,,,,,,,
5/5/2021,1814127,3129,169300,707,1347975,,,,,,,,
6/5/2021,1818689,4562,170011,711,1387228,,,,,,,,
7/5/2021,1824457,5768,170680,669,1420763,,,,,,,,
8/5/2021,1832671,8214,171383,703,1481948,,,,,,,,
9/5/2021,1839465,6794,172041,658,1515343,,,,,,,,
10/5/2021,1845056,5591,172697,656,1562900,,,,,,,,
11/5/2021,1850290,5234,173306,609,1605685,,,,,,,,
12/5/2021,1853370,3080,173926,620,1663406,,,,,,,,
13/5/2021,1858239,4869,174539,613,1736854,,,,,,,,
14/5/2021,1865639,7400,175130,591,1824879,,,,,,,,
15/5/2021,1873316,7677,175721,591,1877907,,,,,,,,
16/5/2021,1879049,5733,176284,563,1901619,,,,,,,,
17/5/2021,1884596,5547,176823,539,1952781,,,,,,,,
18/5/2021,1889052,4456,177370,547,2012401,,,,,,,,
19/5/2021,1893334,4282,177926,556,2072743,,,,,,,,
20/5/2021,1897900,4566,178428,502,2143026,,,,,,,,
21/5/2021,1903615,5715,178939,511,2252123,,,,,,,,
22/5/2021,1910360,6745,179468,529,2331896,,,,,,,,
23/5/2021,1915566,5206,179912,444,2377773,,,,,,,,
24/5/2021,1920851,5285,180406,494,2447092,,,,,,,,
25/5/2021,1925289,4438,180846,440,2524943,,,,,,,,
26/5/2021,1926923,1634,181306,460,2608301,,,,,,,,
27/5/2021,1932255,5332,181732,426,2698719,,,,,,,,
28/5/2021,1937245,4990,182159,427,2823432,,,,,,,,
29/5/2021,1942054,4809,182604,445,2898864,,,,,,,,
30/5/2021,1947555,5501,183043,439,2932602,,,,,,,,
31/5/2021,1951651,4096,183470,427,3001829,,,,,,,,
1/6/2021,1955469,3818,183879,409,3077754,,,,,,,,
2/6/2021,1959064,3595,184269,390,3156150,,,,,,,,
3/6/2021,1961087,2023,184507,238,3194905,,,,,,,,
4/6/2021,1965432,4345,184942,435,3211127,,,,,,,,
5/6/2021,1968693,3261,185380,438,3218751,,,,,,,,
6/6/2021,1976166,7473,185813,433,3220657,,,,,,,,
7/6/2021,1980391,4225,186073,260,3228653,,,,,,,,
8/6/2021,1983570,3179,186511,438,3330279,,,,,,,,
9/6/2021,1984999,1429,186757,246,3445461,,,,,,,,
10/6/2021,1987933,2934,187157,400,3570249,,,,,,,,
11/6/2021,1991203,3270,187479,322,3661107,,,,,,,,
12/6/2021,1995257,4054,187847,368,3736665,,,,,,,,
13/6/2021,1998056,2799,188100,253,3773906,,,,,,,,
14/6/2021,2001059,3003,188443,343,3810350,,,,,,,,
15/6/2021,2003625,2566,188708,265,3852555,,,,,,,,
16/6/2021,2004252,627,188921,213,3890784,,,,,,,,
17/6/2021,2007477,3225,189261,340,3931483,,,,,,,,
18/6/2021,2015190,7713,189522,261,3967258,,,,,,,,
19/6/2021,2019716,4526,189757,235,3989940,,,,,,,,
20/6/2021,2023179,3463,189933,176,3996199,,,,,,,,
21/6/2021,2026729,3550,190202,269,4040556,,,,,,,,
22/6/2021,2029625,2896,190425,223,4087635,,,,,,,,
23/6/2021,2030611,986,190645,220,4128973,,,,,,,,
24/6/2021,2033606,2995,190906,261,4173266,,,,,,,,
25/6/2021,2036449,2843,191073,167,4266118,,,,,,,,
26/6/2021,2040186,3737,191286,213,4335753,,,,,,,,
27/6/2021,2043262,3076,191447,161,4383185,,,,,,,,
28/6/2021,2046057,2795,191584,137,4425799,,,,,,,,
29/6/2021,2048115,2058,191899,315,4457060,,,,,,,,
30/6/2021,2049567,1452,192163,264,4541196,,,,,,,,
1/7/2021,2052065,2498,192331,168,4641775,,,,,,,,
2/7/2021,2054475,2410,192367,36,4758669,,,,,,,,
3/7/2021,2057554,3079,192687,320,4883708,,,,,,,,
4/7/2021,2060344,2790,192902,215,4984253,,,,,,,,
5/7/2021,2063112,2768,193069,167,5135910,,,,,,,,
6/7/2021,2065113,2001,193230,161,5308772,,,,,,,,
7/7/2021,2066677,1564,193389,159,5446699,,,,,,,,
8/7/2021,2069051,2374,193588,199,5562589,,,,,,,,
9/7/2021,2071637,2586,193743,155,5685848,,,,,,,,
10/7/2021,2074186,2549,193909,166,5928027,,,,,,,,
11/7/2021,2074186,0,193909,0,6098644,,,,,,,,
12/7/2021,2078815,4629,194249,340,6183471,,,,,,,,
13/7/2021,2080777,1962,194387,138,6270380,,,,,,,,
14/7/2021,2081557,780,194488,101,6390066,,,,,,,,
15/7/2021,2083567,2010,194606,118,6532602,,,,,,,,
16/7/2021,2085883,2316,194752,146,6666265,,,,,,,,
17/7/2021,2088143,2260,194845,93,6894432,,,,,,,,
18/7/2021,2090175,2032,194935,90,7026430,,,,,,,,
19/7/2021,2092125,1950,195047,112,7084196,,,,,,,,
20/7/2021,2093754,1629,195146,99,7155964,,,,,,,,
21/7/2021,2094445,691,195243,97,7242912,,,,,,,,
22/7/2021,2096013,1568,195332,89,7353606,,,,,,,,
23/7/2021,2097811,1798,195429,97,7501194,,,,,,,,
24/7/2021,2099522,1711,195547,118,7777897,,,,,,,,
25/7/2021,2101139,1617,195696,149,7985065,,,,,,,,
26/7/2021,2102904,1765,195795,99,8037678,,,,,,,,
27/7/2021,2104394,1490,195890,95,8078558,,,,,,,,
28/7/2021,2105005,611,195973,83,8092708,,,,,,,,
29/7/2021,2106371,1366,196058,85,8108414,,,,,,,,
30/7/2021,2107873,1502,196138,80,8146045,,,,,,,,
31/7/2021,2108595,722,196214,76,8205273,,,,,,,,
1/8/2021,2109294,699,196291,77,8258383,,,,,,,,
2/8/2021,2111393,2099,196353,62,8299541,,,,,,,,
3/8/2021,2113201,1808,196438,85,8338038,,,,,,,,
4/8/2021,2114445,1244,196518,80,8387528,,,,,,,,
5/8/2021,2116652,2207,196598,80,8438775,,,,,,,,
6/8/2021,2119068,2416,196673,75,8594744,,,,,,,,
7/8/2021,2121061,1993,196760,87,8885586,,,,,,,,
8/8/2021,2122557,1496,196818,58,9108153,,,,,,,,
9/8/2021,2124128,1571,196873,55,9161866,,,,,,,,
10/8/2021,2125345,1217,196950,77,9222868,,,,,,,,
11/8/2021,2125848,503,197029,79,9265073,,,,,,,,
12/8/2021,2127034,1186,197102,73,9303036,,,,,,,,
13/8/2021,2128516,1482,197146,44,9337715,,,,,,,,
14/8/2021,2130018,1502,197209,63,9377744,,,,,,,,
15/8/2021,2131337,1319,197279,70,9399043,,,,,,,,
16/8/2021,2132834,1497,197340,61,9431860,,,,,,,,
17/8/2021,2133812,978,197393,53,9469507,,,,,,,,
18/8/2021,2134365,553,197487,94,9504536,,,,,,,,
19/8/2021,2135827,1462,197539,52,9548029,,,,,,,,
20/8/2021,2137295,1468,197659,120,9630065,,,,,,,,
21/8/2021,2138666,1371,197716,57,9817033,,,,,,,,
22/8/2021,2140062,1396,197752,36,9969381,,,,,,,,
23/8/2021,2141235,1173,197818,66,10004361,,,,,,,,
24/8/2021,2142153,918,197879,61,10042291,,,,,,,,
25/8/2021,2142565,412,197921,42,10095974,,,,,,,,
26/8/2021,2143691,1126,197944,23,10166787,,,,,,,,
27/8/2021,2145051,1360,198031,87,10222068,,,,,,,,
28/8/2021,2146169,1118,198064,33,10453232,,,,,,,,
29/8/2021,2147285,1116,198115,51,10633047,,,,,,,,
30/8/2021,2148419,1134,198167,52,10640906,,,,,,,,
31/8/2021,2149227,808,198209,42,10712208,,,,,,,,
1/9/2021,2149591,364,198263,54,10797438,,,,,,,,
2/9/2021,2150006,415,198295,32,10925070,,,,,,,,
3/9/2021,2151010,1004,198329,34,11071629,,,,,,,,
4/9/2021,2152118,1108,198364,35,11361937,,,,,,,,
5/9/2021,2153092,974,198420,56,11600696,,,,,,,,
6/9/2021,2154132,1040,198447,27,11712229,,,,,,,,
7/9/2021,2155034,902,198488,41,11887587,,,,,,,,
8/9/2021,2155508,474,198523,35,12187189,,,,,,,,
9/9/2021,2156451,943,198568,45,12486977,,,,,,,,
10/9/2021,2157536,1085,198595,27,12826556,,,,,,,,
11/9/2021,2158493,957,198621,26,13310398,,,,,,,,
12/9/2021,2159306,813,198673,52,13677898,,,,,,,,
13/9/2021,2160327,1021,198728,55,13849379,,,,,,,,
14/9/2021,2161086,759,198764,36,14110870,,,,,,,,
15/9/2021,2161358,272,198799,35,14310940,,,,,,,,
16/9/2021,2162294,936,198840,41,14574427,,,,,,,,
17/9/2021,2163312,1018,198860,20,14828846,,,,,,,,
18/9/2021,2164380,1068,198891,31,15160882,,,,,,,,
19/9/2021,2165533,1153,198948,57,15348800,,,,,,,,
20/9/2021,2166419,886,198976,28,15434582,,,,,,,,
21/9/2021,2167008,589,199006,30,15553664,,,,,,,,
22/9/2021,2167652,644,199036,30,15658929,,,,,,,,
23/9/2021,2168431,779,199060,24,15753603,,,,,,,,
24/9/2021,2169427,996,199108,48,15855337,,,,,,,,
25/9/2021,2170475,1048,199156,48,16014904,,,,,,,,
26/9/2021,2171374,899,199182,26,16139198,,,,,,,,
27/9/2021,2172261,887,199228,46,16237264,,,,,,,,
28/9/2021,2173034,773,199292,64,16347259,,,,,,,,
29/9/2021,2173354,320,199314,22,16450568,,,,,,,,
30/9/2021,2174219,865,199329,15,16546652,,,,,,,,
1/10/2021,2175305,1086,199367,38,16638021,,,,,,,,
2/10/2021,2176321,1016,199395,28,16816140,,,,,,,,
3/10/2021,2177283,962,199423,28,16969525,,,,,,,,
4/10/2021,2178147,864,199457,34,17043849,,,,,,,,
5/10/2021,2178939,792,199485,28,17118682,,,,,,,,
6/10/2021,2179316,377,199502,17,17194298,,,,,,,,
7/10/2021,2180149,833,199520,18,17264958,,,,,,,,
8/10/2021,2181183,1034,199559,39,17323322,,,,,,,,
9/10/2021,2182106,923,199581,22,17418573,,,,,,,,
10/10/2021,2183025,919,199615,34,17483975,,,,,,,,
11/10/2021,2183589,564,199641,26,17547833,,,,,,,,
12/10/2021,2184264,675,199672,31,17663883,,,,,,,,
13/10/2021,2184676,412,199703,31,17774210,,,,,,,,
14/10/2021,2185355,679,199727,24,17881401,,,,,,,,
15/10/2021,2186246,891,199746,19,17992295,,,,,,,,
16/10/2021,2187368,1122,199775,29,18170101,,,,,,,,
17/10/2021,2188351,983,199792,17,18327342,,,,,,,,
18/10/2021,2189165,814,199816,24,18419837,,,,,,,,
19/10/2021,2190009,844,199843,27,18496438,,,,,,,,
20/10/2021,2190396,387,199882,39,18554724,,,,,,,,
21/10/2021,2191171,775,199928,46,18612111,,,,,,,,
22/10/2021,2192205,1034,199945,17,18661028,,,,,,,,
23/10/2021,2193089,884,199978,33,18768065,,,,,,,,
24/10/2021,2194132,1043,200003,25,18842708,,,,,,,,
25/10/2021,2195101,969,200019,16,18883217,,,,,,,,
26/10/2021,2195859,758,200052,33,18921283,,,,,,,,
27/10/2021,2196259,400,200083,31,18959000,,,,,,,,
28/10/2021,2197052,793,200118,35,19003985,,,,,,,,
29/10/2021,2198038,986,200149,31,19051784,,,,,,,,
30/10/2021,2199036,998,200179,30,19261022,,,,,,,,
31/10/2021,2199876,840,200197,18,19437754,,,,,,,,
1/11/2021,2200908,1032,200217,20,19514465,,,,,,,,
2/11/2021,2201796,888,200246,29,19608230,,,,,,,,
3/11/2021,2202189,393,200276,30,19718811,,,,,,,,
4/11/2021,2202671,482,200300,24,19890913,,,,,,,,
5/11/2021,2203310,639,200326,26,20122268,,,,,,,,
6/11/2021,2204424,1114,200350,24,20458437,,,,,,,,
7/11/2021,2205486,1062,200373,23,20679105,,,,,,,,
8/11/2021,2206556,1070,200409,36,20804646,,,,,,,,
9/11/2021,2207510,954,200438,29,20920784,,,,,,,,
10/11/2021,2207890,380,200469,31,21037245,,,,,,,,
11/11/2021,2208891,1001,200502,33,21136883,,,,,,,,
12/11/2021,2210129,1238,200532,30,21228786,,,,,,,,
13/11/2021,2211366,1237,200554,22,21350792,,,,,,,,
14/11/2021,2212514,1148,200573,19,21455243,,,,,,,,
15/11/2021,2213548,1034,200605,32,21546733,,,,,,,,
16/11/2021,2214543,995,200635,30,21659300,,,,,,,,
17/11/2021,2215373,830,200672,37,21771096,,,,,,,,
18/11/2021,2216832,1459,200695,23,21882423,,,,,,,,
19/11/2021,2218202,1370,200741,46,21996734,,,,,,,,
20/11/2021,2219617,1415,200767,26,22138661,,,,,,,,
21/11/2021,2221154,1537,200801,34,22254494,,,,,,,,
22/11/2021,2222879,1725,200833,32,22342199,,,,,,,,
23/11/2021,2224344,1465,200866,33,22433495,,,,,,,,
24/11/2021,2225117,773,200894,28,22514833,,,,,,,,
25/11/2021,2226656,1539,200931,37,22594275,,,,,,,,
26/11/2021,2228212,1556,200961,30,22668635,,,,,,,,
27/11/2021,2229741,1529,200987,26,22758474,,,,,,,,
28/11/2021,2231175,1434,201026,39,22834592,,,,,,,,
29/11/2021,2232749,1574,201071,45,22894573,,,,,,,,
30/11/2021,2234075,1326,201108,37,22949384,,,,,,,,
1/12/2021,2234970,895,201144,36,23010599,,,,,,,,
2/12/2021,2236351,1381,201176,32,23079445,,,,,,,,
3/12/2021,2237842,1491,201209,33,23147162,,,,,,,,
4/12/2021,2239421,1579,201282,73,23228623,,,,,,,,
5/12/2021,2242646,3225,201360,78,23294009,,,,,,,,
6/12/2021,2242646,0,201360,0,23354119,,,,,,,,
7/12/2021,2243415,769,201379,19,23413539,,,,,,,,
8/12/2021,2245146,1731,201421,42,23459876,,,,,,,,
9/12/2021,2246633,1487,201450,29,23528394,,,,,,,,
10/12/2021,2248447,1814,201490,40,23641545,,,,,,,,
11/12/2021,2249671,1224,201527,37,23780796,,,,,,,,
12/12/2021,2251027,1356,201650,123,23886264,,,,,,,,
13/12/2021,2252846,1819,201733,83,24000706,,,,,,,,
14/12/2021,2254373,1527,201770,37,24114277,,,,,,,,
15/12/2021,2255318,945,201848,78,24217784,,,,,,,,
16/12/2021,2256796,1478,201902,54,24294306,,,,,,,,
17/12/2021,2258456,1660,201992,90,24369306,,,,,,,,
18/12/2021,2260180,1724,202076,84,24438060,,,,,,,,
19/12/2021,2261883,1703,202120,44,24484745,,,,,,,,
20/12/2021,2263739,1856,202154,34,24539227,,,,,,,,
21/12/2021,2265320,1581,202225,71,24588684,,,,,,,,
22/12/2021,2266205,885,202295,70,24630110,,,,,,,,
23/12/2021,2267715,1510,202338,43,24663362,,,,,,,,
24/12/2021,2269497,1782,202375,37,24675590,,,,,,,,
25/12/2021,2271549,2052,202424,49,24678878,,,,,,,,
26/12/2021,2272885,1336,202454,30,24694933,,,,,,,,
27/12/2021,2278807,5922,202488,34,24729487,,,,,,,,
28/12/2021,2279299,492,202524,36,24765864,,,,,,,,
29/12/2021,2281362,2063,202550,26,24799928,,,,,,,,
30/12/2021,2283474,2112,202584,34,24829492,,,,,,,,
31/12/2021,2287494,4020,202584,0,24839560,,,,,,,,
1/1/2022,2292254,4760,202653,69,24850974,,,,,,,,
2/1/2022,2296831,4577,202690,37,24864939,,,,,,,,
3/1/2022,2301177,4346,202741,51,24895534,,,,,,,,
4/1/2022,2302678,1501,202782,41,24924754,,,,,,,,
5/1/2022,2304674,1996,202818,36,24957036,,,,,,,,
6/1/2022,2309856,5182,202867,49,24987708,,,,,,,,
7/1/2022,2318543,8687,202904,37,25017017,,,,,,,,
8/1/2022,2329717,11174,202934,30,25043492,,,,,,,,
9/1/2022,2342550,12833,202981,47,25060745,,,,,,,,
10/1/2022,2358685,16135,203019,38,25089866,,,,,,,,
11/1/2022,2375813,17128,203067,48,25115092,,,,,,,,
12/1/2022,2388289,12476,203097,30,25139937,,,,,,,,
13/1/2022,2412577,24288,203157,60,25163348,,,,,,,,
14/1/2022,2440349,27772,203193,36,25185244,,,,,,,,
15/1/2022,2473709,33360,203255,62,25203633,,,,,,,,
16/1/2022,2512789,39080,203302,47,25214905,,,,,,,,
17/1/2022,2562534,49745,203376,74,25235194,,,,,,,,
18/1/2022,2606126,43592,203464,88,25251928,,,,,,,,
19/1/2022,2631826,25700,203550,86,25269018,,,,,,,,
20/1/2022,2668224,36398,203645,95,25284876,,,,,,,,
21/1/2022,2723166,54942,203750,105,25299313,,,,,,,,
22/1/2022,2780049,56883,203868,118,25312825,,,,,,,,
23/1/2022,2839519,59470,203994,126,25323112,,,,,,,,
24/1/2022,2894215,54696,204141,147,25377279,,,,,,,,
25/1/2022,2946151,51936,204323,182,25434425,,,,,,,,
26/1/2022,2976260,30109,204404,81,25508930,,,,,,,,
27/1/2022,3020756,44496,204587,183,25596828,,,,,,,,
28/1/2022,3070357,49601,204769,182,25693561,,,,,,,,
29/1/2022,3120401,50044,204940,171,25843859,,,,,,,,
30/1/2022,3160732,40331,205112,172,25957191,,,,,,,,
31/1/2022,3196488,35756,205347,235,26075449,,,,,,,,
1/2/2022,3224406,27918,205505,158,26187373,,,,,,,,
2/2/2022,3239538,15132,205834,329,26283186,,,,,,,,
3/2/2022,3262165,22627,205985,151,26389862,,,,,,,,
4/2/2022,3286151,23986,206220,235,26502184,,,,,,,,
5/2/2022,3308693,22542,206406,186,26613081,,,,,,,,
6/2/2022,3331290,22597,206646,240,26676959,,,,,,,,
7/2/2022,3349298,18008,206891,245,26769575,,,,,,,,
8/2/2022,3363489,14191,206984,93,26858568,,,,,,,,
9/2/2022,3372895,9406,207114,130,26943836,,,,,,,,
10/2/2022,3384546,11651,207312,198,27022292,,,,,,,,
11/2/2022,3397637,13091,207536,224,27112814,,,,,,,,
12/2/2022,3411201,13564,207737,201,27187537,,,,,,,,
13/2/2022,3424894,13693,207965,228,27231423,,,,,,,,
14/2/2022,3435753,10859,208120,155,27282104,,,,,,,,
15/2/2022,3445680,9927,208381,261,27338213,,,,,,,,
16/2/2022,3449712,4032,208466,85,27398867,,,,,,,,
17/2/2022,3456789,7077,208622,156,27454505,,,,,,,,
18/2/2022,3466309,9520,208789,167,27509236,,,,,,,,
19/2/2022,3474965,8656,208964,175,27564400,,,,,,,,
20/2/2022,3481752,6787,209110,146,27605329,,,,,,,,
21/2/2022,3490988,9236,209298,188,27657264,,,,,,,,
22/2/2022,3496009,5021,209468,170,27708704,,,,,,,,
23/2/2022,3497896,1887,209641,173,27755243,,,,,,,,
24/2/2022,3500880,2984,209808,167,27800365,,,,,,,,
25/2/2022,3503892,3012,209927,119,27845914,,,,,,,,
26/2/2022,3506075,2183,210116,189,27887066,,,,,,,,
27/2/2022,3508642,2567,210229,113,27916721,,,,,,,,
28/2/2022,3512404,3762,210407,178,27962886,,,,,,,,
1/3/2022,3516264,3860,210538,131,28004711,,,,,,,,
2/3/2022,3517260,996,210672,134,28047253,,,,,,,,
3/3/2022,3518721,1461,210744,72,28088826,,,,,,,,
4/3/2022,3520604,1883,210851,107,28131923,,,,,,,,
5/3/2022,3522484,1880,210907,56,28179853,,,,,,,,
6/3/2022,3524504,2020,210995,88,28209235,,,,,,,,
7/3/2022,3525940,1436,211032,37,28246981,,,,,,,,
8/3/2022,3527549,1609,211108,76,28280124,,,,,,,,
9/3/2022,3528038,489,211155,47,28316209,,,,,,,,
10/3/2022,3528939,901,211252,97,28355917,,,,,,,,
11/3/2022,3530004,1065,211301,49,28403632,,,,,,,,
12/3/2022,3531075,1071,211364,63,28452911,,,,,,,,
13/3/2022,3534687,3612,211423,59,28481420,,,,,,,,
14/3/2022,3535726,1039,211482,59,28511544,,,,,,,,
15/3/2022,3536496,770,211546,64,28537421,,,,,,,,
16/3/2022,3536842,346,211579,33,28561015,,,,,,,,
17/3/2022,3537488,646,211619,40,28583110,,,,,,,,
18/3/2022,3538453,965,211661,42,28612957,,,,,,,,
19/3/2022,3539400,947,211691,30,28642587,,,,,,,,
20/3/2022,3540108,708,211751,60,28662972,,,,,,,,
21/3/2022,3540793,685,211814,63,28681955,,,,,,,,
22/3/2022,3541397,604,211865,51,28700900,,,,,,,,
23/3/2022,3541994,597,211924,59,28719524,,,,,,,,
24/3/2022,3542602,608,211944,20,28737286,,,,,,,,
25/3/2022,3543179,577,211981,37,28758290,,,,,,,,
26/3/2022,3543790,611,212022,41,28785820,,,,,,,,
27/3/2022,3544338,548,212050,28,28805952,,,,,,,,
28/3/2022,3544862,524,212102,52,28820934,,,,,,,,
29/3/2022,3545403,541,212128,26,28836347,,,,,,,,
30/3/2022,3545628,225,212157,29,28850394,,,,,,,,
31/3/2022,3546083,455,212179,22,28862957,,,,,,,,
1/4/2022,3546696,613,212207,28,28880290,,,,,,,,
2/4/2022,3547125,429,212222,15,28899926,,,,,,,,
3/4/2022,3547606,481,212256,34,28916328,,,,,,,,
4/4/2022,3548088,482,212299,43,28926060,,,,,,,,
5/4/2022,3548559,471,212328,29,28934631,,,,,,,,
6/4/2022,3548717,158,212354,26,28947718,,,,,,,,
7/4/2022,3549028,311,212372,18,28961169,,,,,,,,
8/4/2022,3549511,483,212396,24,28977170,,,,,,,,
9/4/2022,3550240,729,212420,24,28994568,,,,,,,,
10/4/2022,3550791,551,212438,18,29007554,,,,,,,,
11/4/2022,3551245,454,212471,33,29019421,,,,,,,,
12/4/2022,3551540,295,212486,15,29032260,,,,,,,,
13/4/2022,3551800,260,212507,21,29046943,,,,,,,,
14/4/2022,3552467,667,212528,21,29055151,,,,,,,,
15/4/2022,3553210,743,212547,19,29060036,,,,,,,,
16/4/2022,3554006,796,212565,18,29070557,,,,,,,,
17/4/2022,3554669,663,212596,31,29078963,,,,,,,,
18/4/2022,3555139,470,212619,23,29089219,,,,,,,,
19/4/2022,3555739,600,212630,11,29100479,,,,,,,,
20/4/2022,3556384,645,212654,24,29112682,,,,,,,,
21/4/2022,3557139,755,212676,22,29125053,,,,,,,,
22/4/2022,3557869,730,212704,28,29141564,,,,,,,,
23/4/2022,3558613,744,212715,11,29159283,,,,,,,,
24/4/2022,3559343,730,212724,9,29173372,,,,,,,,
25/4/2022,3560095,752,212736,12,29186967,,,,,,,,
26/4/2022,3560876,781,212742,6,29202264,,,,,,,,
27/4/2022,3561677,801,212761,19,29217711,,,,,,,,
28/4/2022,3562300,623,212769,8,29232713,,,,,,,,
29/4/2022,3563151,851,212778,9,29249568,,,,,,,,
30/4/2022,3563929,778,212798,20,29263627,,,,,,,,
1/5/2022,3564558,629,212810,12,29267597,,,,,,,,
2/5/2022,3565253,695,212824,14,29272815,,,,,,,,
3/5/2022,3565839,586,212841,17,29278518,,,,,,,,
4/5/2022,3566523,684,212865,24,29284360,,,,,,,,
5/5/2022,3567171,648,212877,12,29290143,,,,,,,,
6/5/2022,3567863,692,212891,14,29295608,,,,,,,,
7/5/2022,3569026,1163,212913,22,29300083,,,,,,,,
8/5/2022,3569026,0,212913,0,29301119,,,,,,,,
9/5/2022,3569326,300,212933,20,29305915,,,,,,,,
10/5/2022,3569782,456,212946,13,29311259,,,,,,,,
11/5/2022,3570075,293,212957,11,29316672,,,,,,,,
12/5/2022,3570339,264,212968,11,29322502,,,,,,,,
13/5/2022,3570801,462,212979,11,29328847,,,,,,,,
14/5/2022,3571161,360,213000,21,29335158,,,,,,,,
15/5/2022,3571516,355,213013,13,29338881,,,,,,,,
16/5/2022,3571919,403,213023,10,29344006,,,,,,,,
17/5/2022,3572423,504,213040,17,29349600,,,,,,,,
18/5/2022,3572832,409,213044,4,29355228,,,,,,,,
19/5/2022,3573220,388,213058,14,29361177,,,,,,,,
20/5/2022,3573738,518,213069,11,29367931,,,,,,,,
21/5/2022,3574182,444,213077,8,29374853,,,,,,,,
22/5/2022,3574876,694,213086,9,29379478,,,,,,,,
23/5/2022,3575291,415,213098,12,29385257,,,,,,,,
24/5/2022,3576042,751,213106,8,29391092,,,,,,,,
25/5/2022,3576309,267,213116,10,29397294,,,,,,,,
26/5/2022,3576640,331,213122,6,29403633,,,,,,,,
27/5/2022,3577241,601,213134,12,29410875,,,,,,,,
28/5/2022,3577907,666,213145,11,29418371,,,,,,,,
29/5/2022,3578364,457,213155,10,29423279,,,,,,,,
30/5/2022,3579534,1170,213162,7,29428831,,,,,,,,
31/5/2022,3580051,517,213173,11,29434062,,,,,,,,
1/6/2022,3580347,296,213186,13,29438968,,,,,,,,
2/6/2022,3581524,1177,213205,19,29443509,,,,,,,,
3/6/2022,3581524,0,213205,0,29448599,,,,,,,,
4/6/2022,3582604,1080,213227,22,29453973,,,,,,,,
5/6/2022,3583403,799,213228,1,29457652,,,,,,,,
6/6/2022,3584256,853,213248,20,29462190,,,,,,,,
7/6/2022,3585381,1125,213259,11,29466984,,,,,,,,
8/6/2022,3585767,386,213269,10,29472223,,,,,,,,
9/6/2022,3586242,475,213281,12,29477427,,,,,,,,
10/6/2022,3587142,900,213289,8,29483141,,,,,,,,
11/6/2022,3587906,764,213296,7,29488798,,,,,,,,
12/6/2022,3588697,791,213308,12,29492968,,,,,,,,
13/6/2022,3589782,1085,213316,8,29496261,,,,,,,,
14/6/2022,3590882,1100,213324,8,29501196,,,,,,,,
15/6/2022,3591816,934,213338,14,29506017,,,,,,,,
16/6/2022,3592765,949,213343,5,29510876,,,,,,,,
17/6/2022,3593625,860,213350,7,29515687,,,,,,,,
18/6/2022,3594977,1352,213361,11,29520178,,,,,,,,
19/6/2022,3596377,1400,213374,13,29521831,,,,,,,,
20/6/2022,3597866,1489,213382,8,29526095,,,,,,,,
21/6/2022,3599501,1635,213389,7,29530765,,,,,,,,
22/6/2022,3600993,1492,213395,6,29535412,,,,,,,,
23/6/2022,3603127,2134,213405,10,29539674,,,,,,,,
24/6/2022,3605614,2487,213425,20,29543387,,,,,,,,
25/6/2022,3608565,2951,213432,7,29548014,,,,,,,,
26/6/2022,3611123,2558,213443,11,29551462,,,,,,,,
27/6/2022,3613464,2341,213447,4,29555529,,,,,,,,
28/6/2022,3616929,3465,213462,15,29560329,,,,,,,,
29/6/2022,3617629,700,213475,13,29563685,,,,,,,,
30/6/2022,3620801,3172,213483,8,29567811,,,,,,,,
1/7/2022,3625091,4290,213497,14,29571325,,,,,,,,
2/7/2022,3626802,1711,213509,12,29575411,,,,,,,,
3/7/2022,3629796,2994,213526,17,29577759,,,,,,,,
4/7/2022,3634918,5122,213545,19,29580494,,,,,,,,
5/7/2022,3637529,2611,213551,6,29583923,,,,,,,,
6/7/2022,3640061,2532,213579,28,29587816,,,,,,,,
7/7/2022,3644199,4138,213593,14,29591585,,,,,,,,
8/7/2022,3650203,6004,213612,19,29596626,,,,,,,,
9/7/2022,3656309,6106,213623,11,29602317,,,,,,,,
10/7/2022,3662685,6376,213652,29,29606178,,,,,,,,
11/7/2022,3669043,6358,213665,13,29610658,,,,,,,,
12/7/2022,3675152,6109,213685,20,29615754,,,,,,,,
13/7/2022,3683213,8061,213695,10,29621251,,,,,,,,
14/7/2022,3691213,8000,213714,19,29626998,,,,,,,,
15/7/2022,3703751,12538,213731,17,29634113,,,,,,,,
16/7/2022,3714361,10610,213746,15,29641310,,,,,,,,
17/7/2022,3729879,15518,213769,23,29645540,,,,,,,,
18/7/2022,3740861,10982,213801,32,29650869,,,,,,,,
19/7/2022,3749635,8774,213825,24,29656797,,,,,,,,
20/7/2022,3761445,11810,213840,15,29662885,,,,,,,,
21/7/2022,3773733,12288,213870,30,29669378,,,,,,,,
22/7/2022,3787887,14154,213894,24,29676253,,,,,,,,
23/7/2022,3801893,14006,213918,24,29682404,,,,,,,,
24/7/2022,3816804,14911,213953,35,29686431,,,,,,,,
25/7/2022,3829775,12971,213998,45,29691418,,,,,,,,
26/7/2022,3839099,9324,214028,30,29696518,,,,,,,,
27/7/2022,3845093,5994,214071,43,29701046,,,,,,,,
28/7/2022,3859279,14186,214112,41,29703537,,,,,,,,
29/7/2022,3873702,14423,214120,8,29705916,,,,,,,,
30/7/2022,3889029,15327,214154,34,29709549,,,,,,,,
31/7/2022,3895496,6467,214195,41,29711939,,,,,,,,
1/8/2022,3900950,5454,214227,32,29715580,,,,,,,,
2/8/2022,3909870,8920,214303,76,29718645,,,,,,,,
3/8/2022,3914506,4636,214364,61,29722234,,,,,,,,
4/8/2022,3923744,9238,214407,43,29725700,,,,,,,,
5/8/2022,3932838,9094,214431,24,29729353,,,,,,,,
6/8/2022,3940482,7644,214480,49,29732597,,,,,,,,
7/8/2022,3951495,11013,214546,66,29734991,,,,,,,,
8/8/2022,3961513,10018,214588,42,29738540,,,,,,,,
9/8/2022,3966898,5385,214637,49,29742579,,,,,,,,
10/8/2022,3970336,3438,214694,57,29746605,,,,,,,,
11/8/2022,3980850,10514,214739,45,29750597,,,,,,,,
12/8/2022,3992728,11878,214788,49,29755645,,,,,,,,
13/8/2022,4002949,10221,214818,30,29760777,,,,,,,,
14/8/2022,4013831,10882,214890,72,29763961,,,,,,,,
15/8/2022,4022016,8185,214934,44,29767911,,,,,,,,
16/8/2022,4027614,5598,214956,22,29772492,,,,,,,,
17/8/2022,4031007,3393,215028,72,29777440,,,,,,,,
18/8/2022,4037977,6970,215088,60,29782298,,,,,,,,
19/8/2022,4046670,8693,215159,71,29787383,,,,,,,,
20/8/2022,4055454,8784,215209,50,29792436,,,,,,,,
21/8/2022,4061357,5903,215268,59,29795890,,,,,,,,
22/8/2022,4070583,9226,215317,49,29800255,,,,,,,,
23/8/2022,4074004,3421,215342,25,29804860,,,,,,,,
24/8/2022,4075910,1906,215379,37,29809272,,,,,,,,
25/8/2022,4081141,5231,215454,75,29813478,,,,,,,,
26/8/2022,4086627,5486,215486,32,29818221,,,,,,,,
27/8/2022,4091366,4739,215514,28,29822365,,,,,,,,
28/8/2022,4094652,3286,215556,42,29824955,,,,,,,,
29/8/2022,4097530,2878,215602,46,29827733,,,,,,,,
30/8/2022,4099785,2255,215639,37,29829133,,,,,,,,
31/8/2022,4100923,1138,215685,46,29832008,,,,,,,,
1/9/2022,4102641,1718,215745,60,29834258,,,,,,,,
2/9/2022,4103874,1233,215762,17,29836801,,,,,,,,
3/9/2022,4107492,3618,215780,18,29839076,,,,,,,,
4/9/2022,4111045,3553,215790,10,29840256,,,,,,,,
5/9/2022,4113567,2522,215859,69,29842448,,,,,,,,
6/9/2022,4115117,1550,215877,18,29844565,,,,,,,,
7/9/2022,4115878,761,215928,51,29846961,,,,,,,,
8/9/2022,4118792,2914,215982,54,29849385,,,,,,,,
9/9/2022,4118792,0,215982,0,29852310,,,,,,,,
10/9/2022,4121036,2244,216003,21,29854824,,,,,,,,
11/9/2022,4123435,2399,216045,42,29856208,,,,,,,,
12/9/2022,4125208,1773,216086,41,29858383,,,,,,,,
13/9/2022,4126021,813,216125,39,29860825,,,,,,,,
14/9/2022,4126462,441,216151,26,29863197,,,,,,,,
15/9/2022,4127612,1150,216173,22,29865671,,,,,,,,
16/9/2022,4128680,1068,216202,29,29868287,,,,,,,,
17/9/2022,4130040,1360,216235,33,29870477,,,,,,,,
18/9/2022,4131137,1097,216264,29,29871781,,,,,,,,
19/9/2022,4131996,859,216287,23,29873936,,,,,,,,
20/9/2022,4132687,691,216309,22,29876072,,,,,,,,
21/9/2022,4132929,242,216350,41,29878270,,,,,,,,
22/9/2022,4135141,2212,216381,31,29880272,,,,,,,,
23/9/2022,4137314,2173,216406,25,29882527,,,,,,,,
24/9/2022,4138979,1665,216429,23,29884821,,,,,,,,
25/9/2022,4140129,1150,216446,17,29887184,,,,,,,,
26/9/2022,4140874,745,216473,27,29889296,,,,,,,,
27/9/2022,4141241,367,216493,20,29891592,,,,,,,,
28/9/2022,4141410,169,216514,21,29893917,,,,,,,,
29/9/2022,4142104,694,216526,12,29896048,,,,,,,,
30/9/2022,4143085,981,216539,13,29898028,,,,,,,,
1/10/2022,4143085,0,216539,0,29899453,,,,,,,,
2/10/2022,4144416,1331,216575,36,29899740,,,,,,,,
3/10/2022,4145048,632,216578,3,29900958,,,,,,,,
4/10/2022,4145301,253,216596,18,29902259,,,,,,,,
5/10/2022,4145449,148,216607,11,29903923,,,,,,,,
6/10/2022,4146000,551,216626,19,29905877,,,,,,,,
7/10/2022,4146858,858,216637,11,29908252,,,,,,,,
8/10/2022,4147822,964,216665,28,29909693,,,,,,,,
9/10/2022,4148457,635,216727,62,29910620,,,,,,,,
10/10/2022,4148457,0,216727,0,29913856,,,,,,,,
11/10/2022,4148587,130,216755,28,29917269,,,,,,,,
12/10/2022,4148691,104,216788,33,29920813,,,,,,,,
13/10/2022,4149079,388,216819,31,29924066,,,,,,,,
14/10/2022,4149449,370,216830,11,29928104,,,,,,,,
15/10/2022,4149823,374,216844,14,29931580,,,,,,,,
16/10/2022,4150121,298,216855,11,29932838,,,,,,,,
17/10/2022,4150544,423,216860,5,29937070,,,,,,,,
18/10/2022,4150737,193,216877,17,29941375,,,,,,,,
19/10/2022,4150832,95,216877,0,29946143,,,,,,,,
20/10/2022,4151044,212,216877,0,29951087,,,,,,,,
21/10/2022,4151414,370,216877,0,29957131,,,,,,,,
22/10/2022,4151705,291,216877,0,29962261,,,,,,,,
23/10/2022,4152019,314,216877,0,29963928,,,,,,,,
24/10/2022,4152284,265,216877,0,29969123,,,,,,,,
25/10/2022,4152499,215,216877,0,29973697,,,,,,,,
26/10/2022,4152580,81,216877,0,29978785,,,,,,,,
27/10/2022,4152804,224,216877,0,29983149,,,,,,,,
28/10/2022,4153605,801,216884,7,29990673,,,,,,,,
29/10/2022,4153919,314,216909,25,29998047,,,,,,,,
30/10/2022,4154336,417,216942,33,30003489,,,,,,,,
31/10/2022,4155286,950,216972,30,30005929,,,,,,,,
1/11/2022,4156078,792,217005,33,30006765,,,,,,,,
2/11/2022,4156924,846,217012,7,30009738,,,,,,,,
3/11/2022,4157569,645,217013,1,30013282,,,,,,,,
4/11/2022,4158534,965,217025,12,30017481,,,,,,,,
5/11/2022,4159132,598,217030,5,30021406,,,,,,,,
6/11/2022,4159951,819,217062,32,30022750,,,,,,,,
7/11/2022,4161218,1267,217069,7,30027169,,,,,,,,
8/11/2022,4161617,399,217080,11,30031599,,,,,,,,
9/11/2022,4161769,152,217098,18,30036058,,,,,,,,
10/11/2022,4163326,1557,217103,5,30041218,,,,,,,,
11/11/2022,4165187,1861,217129,26,30046777,,,,,,,,
12/11/2022,4167290,2103,217146,17,30051727,,,,,,,,
13/11/2022,4169751,2461,217172,26,30054115,,,,,,,,
14/11/2022,4171838,2087,217185,13,30059629,,,,,,,,
15/11/2022,4172486,648,217192,7,30065099,,,,,,,,
16/11/2022,4172824,338,217200,8,30070549,,,,,,,,
17/11/2022,4175383,2559,217203,3,30075461,,,,,,,,
18/11/2022,4177786,2403,217212,9,30081279,,,,,,,,
19/11/2022,4180834,3048,217218,6,30086454,,,,,,,,
20/11/2022,4184191,3357,217229,11,30088478,,,,,,,,
21/11/2022,4188692,4501,217241,12,30093311,,,,,,,,
22/11/2022,4190948,2256,217264,23,30097758,,,,,,,,
23/11/2022,4192300,1352,217279,15,30102295,,,,,,,,
24/11/2022,4197026,4726,217287,8,30106679,,,,,,,,
25/11/2022,4203229,6203,217303,16,30113469,,,,,,,,
26/11/2022,4209905,6676,217314,11,30119896,,,,,,,,
27/11/2022,4217068,7163,217339,25,30124597,,,,,,,,
28/11/2022,4223951,6883,217353,14,30129079,,,,,,,,
29/11/2022,4227446,3495,217370,17,30133123,,,,,,,,
30/11/2022,4229179,1733,217386,16,30136871,,,,,,,,
1/12/2022,4238042,8863,217394,8,30140401,,,,,,,,
2/12/2022,4252383,14341,217414,20,30144499,,,,,,,,
3/12/2022,4266251,13868,217428,14,30148337,,,,,,,,
4/12/2022,4278997,12746,217441,13,30149575,,,,,,,,
5/12/2022,4291373,12376,217470,29,30153695,,,,,,,,
6/12/2022,4300576,9203,217496,26,30157448,,,,,,,,
7/12/2022,4304745,4169,217519,23,30161552,,,,,,,,
8/12/2022,4316167,11422,217542,23,30163360,,,,,,,,
9/12/2022,4330521,14354,217566,24,30165313,,,,,,,,
10/12/2022,4344977,14456,217604,38,30168451,,,,,,,,
11/12/2022,4350513,5536,217624,20,30169762,,,,,,,,
12/12/2022,4354251,3738,217636,12,30173589,,,,,,,,
13/12/2022,4359209,4958,217657,21,30176754,,,,,,,,
14/12/2022,4362281,3072,217679,22,30179972,,,,,,,,
15/12/2022,4376905,14624,217704,25,30183719,,,,,,,,
16/12/2022,4390355,13450,217738,34,30187616,,,,,,,,
17/12/2022,4399073,8718,217782,44,30191282,,,,,,,,
18/12/2022,4405843,6770,217821,39,30194410,,,,,,,,
19/12/2022,4412141,6298,217855,34,30198065,,,,,,,,
20/12/2022,4415971,3830,217894,39,30201367,,,,,,,,
21/12/2022,4416823,852,217926,32,30204300,,,,,,,,
22/12/2022,4424906,8083,217941,15,30206896,,,,,,,,
23/12/2022,4430160,5254,217960,19,30208705,,,,,,,,
24/12/2022,4434630,4470,217998,38,30209396,,,,,,,,
25/12/2022,4438778,4148,218007,9,30209538,,,,,,,,
26/12/2022,4442191,3413,218008,1,30211595,,,,,,,,
27/12/2022,4443656,1465,218072,64,30213963,,,,,,,,
28/12/2022,4444006,350,218092,20,30216212,,,,,,,,
29/12/2022,4445748,1742,218113,21,30218213,,,,,,,,
30/12/2022,4451074,5326,218146,33,30219626,,,,,,,,
31/12/2022,4454236,3162,218178,32,30220030,,,,,,,,
1/1/2023,4454236,0,218201,23,30220282,,,,,,,,
2/1/2023,4458643,4407,218232,31,30221930,,,,,,,,
3/1/2023,4459771,1128,218233,1,30224024,,,,,,,,
4/1/2023,4460100,329,218251,18,30226391,,,,,,,,
5/1/2023,4461129,1029,218284,33,30228697,,,,,,,,
6/1/2023,4463641,2512,218304,20,30231133,,,,,,,,
7/1/2023,4464732,1091,218330,26,30233291,,,,,,,,
8/1/2023,4466331,1599,218356,26,30233903,,,,,,,,
9/1/2023,4468875,2544,218357,1,30236616,,,,,,,,
10/1/2023,4469601,726,218387,30,30239230,,,,,,,,
11/1/2023,4470192,591,218413,26,30241766,,,,,,,,
12/1/2023,4470919,727,218414,1,30244226,,,,,,,,
13/1/2023,4471726,807,218455,41,30246940,,,,,,,,
14/1/2023,4473194,1468,218477,22,30249071,,,,,,,,
15/1/2023,4473821,627,218490,13,30249649,,,,,,,,
16/1/2023,4474580,759,218509,19,30252583,,,,,,,,
17/1/2023,4475426,846,218530,21,30255057,,,,,,,,
18/1/2023,4475610,184,218547,17,30257743,,,,,,,,
19/1/2023,4476123,513,218554,7,30259936,,,,,,,,
20/1/2023,4477064,941,218580,26,30262314,,,,,,,,
21/1/2023,4477551,487,218597,17,30264505,,,,,,,,
22/1/2023,4477955,404,218606,9,30265140,,,,,,,,
23/1/2023,4478692,737,218625,19,30268200,,,,,,,,
24/1/2023,4478971,279,218649,24,30271014,,,,,,,,
25/1/2023,4479075,104,218656,7,30273684,,,,,,,,
26/1/2023,4479583,508,218672,16,30276046,,,,,,,,
27/1/2023,4480009,426,218686,14,30278574,,,,,,,,
28/1/2023,4480454,445,218711,25,30280516,,,,,,,,
29/1/2023,4480828,374,218729,18,30281041,,,,,,,,
30/1/2023,4481101,273,218750,21,30283270,,,,,,,,
31/1/2023,4481246,145,218810,60,30284977,,,,,,,,
1/2/2023,4481290,44,218863,53,30287003,,,,,,,,
2/2/2023,4481621,331,218931,68,30289110,,,,,,,,
3/2/2023,4481873,252,219004,73,30291288,,,,,,,,
4/2/2023,4482120,247,219012,8,30293098,,,,,,,,
5/2/2023,4482310,190,219085,73,30293542,,,,,,,,
6/2/2023,4482497,187,219167,82,30295872,,,,,,,,
7/2/2023,4482582,85,219195,28,30298277,,,,,,,,
8/2/2023,4482629,47,219205,10,30300632,,,,,,,,
9/2/2023,4482852,223,219214,9,30302968,,,,,,,,
10/2/2023,4483036,184,219228,14,30305439,,,,,,,,
11/2/2023,4483236,200,219229,1,30307281,,,,,,,,
12/2/2023,4483443,207,219250,21,30307841,,,,,,,,
13/2/2023,4483619,176,219260,10,30310446,,,,,,,,
14/2/2023,4483729,110,219269,9,30312531,,,,,,,,
15/2/2023,4483779,50,219287,18,30314774,,,,,,,,
16/2/2023,4484029,250,219293,6,30317095,,,,,,,,
17/2/2023,4484173,144,219305,12,30319821,,,,,,,,
18/2/2023,4484362,189,219311,6,30322028,,,,,,,,
19/2/2023,4484531,169,219318,7,30322976,,,,,,,,
20/2/2023,4484651,120,219332,14,30325564,,,,,,,,
21/2/2023,4484769,118,219344,12,30328119,,,,,,,,
22/2/2023,4484810,41,219351,7,30330842,,,,,,,,
23/2/2023,4484903,93,219365,14,30333573,,,,,,,,
24/2/2023,4485003,100,219378,13,30336270,,,,,,,,
25/2/2023,4485147,144,219387,9,30338547,,,,,,,,
26/2/2023,4485282,135,219395,8,30339369,,,,,,,,
27/2/2023,4485616,334,219406,11,30341941,,,,,,,,
28/2/2023,4485684,68,219429,23,30344149,,,,,,,,
1/3/2023,4485753,69,219431,2,30346084,,,,,,,,
2/3/2023,4486034,281,219439,8,30347844,,,,,,,,
3/3/2023,4486282,248,219448,9,30349727,,,,,,,,
4/3/2023,4486453,171,219478,30,30351151,,,,,,,,
5/3/2023,4486665,212,219485,7,30351570,,,,,,,,
6/3/2023,4486832,167,219493,8,30353751,,,,,,,,
7/3/2023,4486832,0,219493,0,30355661,,,,,,,,
8/3/2023,4486934,102,219513,20,30357389,,,,,,,,
9/3/2023,4486934,0,219513,0,30359165,,,,,,,,
10/3/2023,4487553,619,219539,26,30360842,,,,,,,,
11/3/2023,4487770,217,219548,9,30362415,,,,,,,,
12/3/2023,4487956,186,219562,14,30362873,,,,,,,,
13/3/2023,4487956,0,219562,0,30364526,,,,,,,,
14/3/2023,4488139,183,219563,1,30366031,,,,,,,,
15/3/2023,4488259,120,219587,24,30367660,,,,,,,,
16/3/2023,4488338,79,219597,10,30369182,,,,,,,,
17/3/2023,4488611,273,219614,17,30371056,,,,,,,,
18/3/2023,4488920,309,219627,13,30372798,,,,,,,,
19/3/2023,4489147,227,219637,10,30373612,,,,,,,,
20/3/2023,4489377,230,219648,11,30374977,,,,,,,,