Protein,log2FC,pvalue,padj
RBM47,0.165911295076981,0.455912936208781,0.682987700728205
ACO2,0.105444772663855,0.500705971275561,0.7087236921186438
TAPBP,0.123912849741867,0.74666456248035,0.8713228457171726
FAM83G,-0.255672022503305,0.224525434427606,0.46487615337850186
HS2ST1,-0.20713444133041,0.711139163560542,0.8520911217955868
PGP,0.248422770145556,0.0217325737443271,0.18891769477223913
ABI1,-0.632544685581248,0.30627084386978,0.5435906600620702
HN1L,0.620443031372361,0.0370332854299879,0.22122085922054446
YIF1A,0.731255703993408,0.287539551988173,0.5283247052790822
CCDC85C,0.044275083227614,0.812726634595767,0.909288214943779
BICD1,-0.156573887091142,0.0028486444077187,0.1013848620823541
MATR3,-0.242628116782313,0.137719184492001,0.37200640273138114
MIF4GD,1.16651820358213,0.0464287661938282,0.23488481636174705
EWSR1,-0.694176084749703,0.220384605503723,0.464761314250464
MCM5,-0.244994605366649,0.241230150044369,0.4817497547277826
XRCC6,0.0406661837342703,0.838780310514084,0.9207869231989653
CAPZB,-0.2399192917546,0.396626082095778,0.6297716244986825
OSBPL9,0.128782784298934,0.279324780696309,0.5230211764543421
ARHGEF7,-1.24341108146227,0.231857867968203,0.4713810634361604
SEPT6,1.09005001879584,0.0089129716926575,0.13919312019996294
USP30,-0.10800902106017,0.298444305848177,0.5360138791127523
SNRPN,0.604951570421363,0.0019150218725214,0.08376248047018287
LARS,-0.112206050036107,0.691458264814016,0.8424235463502296
PSMA1,0.140141356331622,0.512024953177348,0.7128396678731868
RPS6KA3,0.0954332391978703,0.632397441317359,0.8029315827961974
HNRNPH3,-0.0025982615915651,0.991207028532702,0.9978297926431655
TAB2,0.119643020908349,0.806844069691847,0.9049693976367812
LUC7L3,-0.242826916371524,0.509785913817631,0.7121691663101919
SNRPD3,-0.2190986641072,0.392409042924117,0.626007837888356
VDAC2,0.113106278209173,0.154574398327224,0.3919196484017803
ATP5C1,-0.114479251657251,0.763659763628518,0.8789588674256342
MAT2A,0.227466474828137,0.461849886960678,0.6864870611537808
RBMS1,0.609281946797488,0.14232561792209,0.3747513097997793
SRSF2,0.389268963779745,0.0612626701126755,0.2661365167866136
STRAP,-0.138471985746801,0.216150865706726,0.4580324733061112
ALG1,-0.139024176036095,0.654166917809431,0.8137338148229051
BCKDHA,-0.0276864192371136,0.88956121719275,0.9413993046439694
EIF2A,-0.302074970844544,0.181155688302024,0.4213501086407282
SEC61A1,-0.165626526450779,0.490650463392266,0.7004361288081041
PLOD1,-0.452119507904328,0.164331182130013,0.4022257815312231
SRPK1,0.180110124152812,0.461272173483118,0.6864870611537808
SF1,0.245020606941317,0.88290183698042,0.9385723703285793
HNRNPC,-0.132919382580479,0.663003052976096,0.8180456231443004
XRN2,0.238705153454934,0.0873479175964209,0.31006224152027945
TKT,-0.116023003919064,0.502608104232341,0.7087518124587362
TRAM1,-0.423281299271554,0.0369393091579451,0.22122085922054446
SFRS3,0.0859108947416019,0.696560951594078,0.8463590057003314
SLC30A6,0.0103397647344394,0.940351618027198,0.970897327264041
APC2,-0.64089487543508,0.507775130920885,0.7113048321577687
ILK,0.366227869709579,0.106030280403567,0.3299324915297818
NPEPPS,0.019838663518783,0.932249423260739,0.9660354558257297
HNRNPUL1,-0.262412361233313,0.229352618746197,0.4705024977607309
DNASE2,0.56556771662019,0.0423149699438409,0.2273997862724977
SMAD2,0.386820892885851,0.0197037523410595,0.18175706241140602
DECR1,0.273637788365274,0.553390433453531,0.7451811596454698
PRCP,0.0866211162521608,0.359456627408136,0.5935512440267219
DHCR24,0.362522545383591,0.182611105080424,0.42180285426890474
ACADM,0.294211054329988,0.113558838677696,0.33992447074383175
CPEB4,-0.0721704408077883,0.472067584625849,0.6907312143601507
DIAPH1,0.488038364872018,0.317735307571744,0.559520218267535
NCOR2,-0.119654703797675,0.236250387850534,0.4762640948749424
RPL37A,-1.74754238492333,0.170639554002015,0.4073718930048104
RPSA,0.690667054618299,0.0938253521263403,0.3138524197759805
NMD3,0.264683339499459,0.196417451108683,0.43597478514498134
SRSF7,0.0449093106874727,0.842172061466523,0.9224437119132514
NAPRT1,0.0602359546274265,0.786943186395994,0.8944635044031582
TMUB1,0.22565729733941,0.168501075735765,0.406355560686252
FAM195B,0.281957371058315,0.0360227587489139,0.21922090249135576
IQSEC1,-0.0695418817830245,0.446772338172417,0.6754011812379155
PRKRA,-0.377701734748616,0.125439341814648,0.36135777123799917
RPL24,0.184416401996749,0.626208656010127,0.8003194510365054
MBNL1,0.82574599110232,0.100389348107886,0.32488772323220383
CCNL1,-0.0847925935557896,0.794373910844672,0.8987540434479957
PHB,0.822367476255458,0.187662480919549,0.4288449345929099
LBR,-0.173896175125471,0.532132375254841,0.7288156217984204
RPL22L1,0.460949679624434,0.105478898754999,0.3299324915297818
RPL32,-0.0230752246182249,0.916861740351606,0.9574356937178282
RPL9,0.496702694685766,0.007118924952736,0.13565047345491807
SEC31A,-0.359572829959518,0.0730325099412422,0.28788396360559426
HNRNPLL,-0.183563386558674,0.182434340623588,0.42180285426890474
OPA1,-0.620382400011138,0.0014457109743899,0.06759945107836912
SLC39A14,0.278907403556072,0.500463034162247,0.7087236921186438
TCEB1,0.130771439179593,0.0542313706678187,0.25533937022764636
SKP1,1.46446346747734,8e-05,0.011242623513160735
C3orf37,0.280907204413577,0.261974573844598,0.5071759036275358
UBR5,-0.103548002625313,0.612829335515655,0.7936930076019371
CD44,0.477772167925131,0.024655653735379,0.19492819808454492
SEPT7,-0.289633853318723,0.174137403250053,0.41426371720538924
PRRC2C,-0.21400124714707,0.0974787220036087,0.3200512034791608
STAU2,-0.255503370090814,0.450307386933936,0.678642187434148
TET2,-0.104939905182064,0.482467136238178,0.6974684826641464
PAPSS2,0.369385580879872,0.108216524784921,0.3335036536553474
ATP2C1,0.430081110034635,0.01143257295798,0.16144545514420078
TNS3,-0.0854941241732803,0.681121051662716,0.832822494188136
HSPA4L,0.0274608593634653,0.855881416914,0.926237191807968
MAP4K4,-0.406319916620184,0.177902000189084,0.4188109587784686
USP19,0.528902399773266,0.0358995800932673,0.21922090249135576
RPS24,-0.124692978942019,0.536609880796904,0.7320352096183117
PLOD2,0.2900158119633,0.120538474969326,0.3530241297157798
GPX8,-0.226425910997737,0.409125567170167,0.6413575365118457
CSNK2A1,-0.253128411616558,0.262384814082377,0.5071759036275358
ABCD3,-0.262429420982443,0.201446752916791,0.442009380186357
EIF4G1,0.0974305355085363,0.622379985486802,0.7994101688105749
MAP4,0.372088433056287,0.0813251048231154,0.301302847377444
KLC1,-0.218533577650195,0.431656520512445,0.6609221690897027
HSD17B4,0.380177383593306,0.0984060978822478,0.32153896079115185
RAVER1,-0.40316527875817,0.0871294266949514,0.31006224152027945
HK2,0.290886969037899,0.378385887676812,0.6115509698328452
OGDH,0.0014723473385487,0.995018675890786,0.9990192812917575
SMC4,-0.887443641380713,0.0064482162357756,0.13248153357138961
WDR6,0.132948573729465,0.425630167029208,0.6551129472095414
FUBP1,0.340026757576755,0.170063249373974,0.4073718930048104
NUP155,0.605096388321147,3.59259634743623e-05,0.010848000000000002
TNS1,-0.964102072235526,0.0028600630841344,0.1013848620823541
EGFR,0.655196081601417,0.0061165306562807,0.13248153357138961
AP2M1,-0.311201603950096,0.223852751672708,0.46487615337850186
STIM2,0.318872778522689,0.179897612674077,0.4200000373828629
ZNF451,2.23670257386052,0.0004082143667746,0.03256109890272692
EEF1D,0.0679068423613955,0.819843298993484,0.9141074159951177
RXRB,0.409192336597716,0.207361856499692,0.44774311690060886
NUCB2,-0.132702831917651,0.801696410141066,0.9014098939894573
UBTF,-0.244999487718914,0.658700181981895,0.815136029346759
RPL27A,0.319758689884253,0.137620894334867,0.37200640273138114
C11orf58,-0.384937641663019,0.375626291852215,0.6114636875769551
PEX16,0.581424568694281,0.0188030595486751,0.1802606907167527
LMO7,-0.276146846780836,0.256362558751345,0.4994214613361345
DERA,-0.134202575198277,0.322495114695518,0.5642624200349967
SLC22A18,0.403742942697498,0.10608448842698,0.3299324915297818
ALKBH3,-0.170132105451103,0.633061008842817,0.8030221964367258
TRMT2A,0.17703668116469,0.630728261934198,0.8029315827961974
NME4,-0.0013352947829794,0.968869575307151,0.9826381033032885
MYPN,-0.386422266910987,0.024461216821822,0.19492819808454492
RBM22,0.544975612097428,0.0799348723894067,0.3004692920412752
PIK3C2B,3.60265042126472,0.0030654714936405,0.1013848620823541
CHD4,-0.190028113750021,0.538612214682282,0.734028304632336
FAM76B,-0.554237803954237,0.157449598390013,0.39537343595714375
GABARAPL1,0.121293722979502,0.566674053997883,0.7534241234726232
FAM120B,0.267951671803008,0.0588577410916811,0.26382185643960027
ARL6IP4,1.13850258596083,0.0064285952961084,0.13248153357138961
NCAPD2,-0.138978307799356,0.373883045651728,0.6106341171994297
DHX36,-0.465096290032335,0.0392399262276432,0.22655198784880323
ALG10B,0.10457604645902,0.708040686924081,0.8511552938555441
TRIM21,0.663810102157726,0.0790470412596179,0.2993907592975252
GOPC,-0.529757027633234,0.0582226888101911,0.26382185643960027
ANKLE2,0.267537589848402,0.084100376125542,0.306559435554395
KIAA1715,0.344445830044535,0.294564353566745,0.532572351248675
SEC23A,-0.0899160359017834,0.482337948708236,0.6974684826641464
WLS,1.57237285890142,0.0106454216246734,0.15521711530168958
DNM2,-0.13567292743835,0.291799840976794,0.5318287424254472
PSMF1,1.82460920089485,0.0447841783480799,0.23178376274807763
TUBA1C,0.11317514359969,0.550111426980587,0.7429791782725856
MYO1C,0.25073121557493,0.331706413115759,0.574449420415031
PGD,-0.0310040138172667,0.879022334183683,0.9373550250174912
IARS2,0.496977412689258,0.144080777427084,0.37713611073466813
CAD,0.213126072627038,0.131295430407644,0.36343002703391514
RPLP0,0.0800530139679658,0.192590355398563,0.43094475564430934
VPS29,0.0643957742157539,0.671510758964294,0.8255381587992591
TROAP,-0.398185816161917,0.036861746035161,0.22122085922054446
MYL6,0.327386036299842,0.35054530739226,0.5875641987934543
RBMS2,0.432039708660561,0.275487106123672,0.5204153844027183
HNRNPA1,-0.240732454615486,0.0959727536348659,0.31741232665580044
RPL10,-0.40301841353735,0.0218529237292191,0.18891769477223913
MEIS1,-0.643171932636779,0.0141765652936451,0.16716019598419787
RTN4,-0.0142495523733572,0.975090590664363,0.9866858230455835
IGF2BP2,0.394031829025774,0.271443602955477,0.5173054996599367
AIMP2,-0.640245973017098,0.263570005168886,0.5083939217766849
ATXN2,-0.0354971217193594,0.913754592925845,0.9571254566100773
CPSF6,-0.127073514909583,0.641560993733526,0.8088491319949802
TJP1,0.085039214728873,0.579715525995882,0.7656485372210466
SLC27A2,-0.0897985006150748,0.893986309452908,0.9419156453909427
ACYP1,0.347666358743869,0.0601620910308468,0.265732232696509
SNW1,0.162024273900581,0.518611751785251,0.7187647710010078
ZFYVE1,0.0346876051742981,0.872273625063815,0.9342835984095839
RBM39,0.309821277501712,0.198539318997515,0.4374057294363712
MRPS22,0.46431642538586,0.0408156715628887,0.2268280763904798
CPSF3,0.685488939021784,0.0383732642681746,0.22525604479499894
MRPS27,0.395236361154574,0.321795238092726,0.5640904449700126
CELF1,0.355107814136769,0.271623536694598,0.5173054996599367
HNRNPH1,0.155029060670799,0.350401902158708,0.5875641987934543
AMPD2,-0.735318711846215,0.020786071654709,0.18620900321601394
DPM1,0.422073763491603,0.188850939726099,0.42889076162379264
RBM33,-0.88970775802494,0.0377947416403933,0.22379768412390094
RPL36A,-0.0690271606359687,0.694048356930369,0.8441143177820043
DBNL,0.118928896417977,0.716329651513525,0.8550554643066373
CALM1,-0.20224576579426,0.139023197268972,0.3739837426705153
TMA16,0.290723129638863,0.333879477533032,0.5753804830193533
DGKQ,0.275705267490739,0.229134282059315,0.4705024977607309
NLK,-0.188877864793003,0.224452834656133,0.46487615337850186
ALG8,0.0766187092043573,0.686941773010443,0.8376736009012237
TAF2,-1.39676674526153,0.026207728895227,0.19743155767737672
RPS17L,0.0547869392575855,0.798283680314406,0.8998110311773354
RPS27L,0.695770886845249,0.0117781113109336,0.16144545514420078
DDX17,0.450888545235205,0.0951091856345594,0.3153253196099329
METTL9,-0.0065232021271519,0.955338668675193,0.9762164542001219
FUS,0.0855018910271959,0.504986097751559,0.7095970451306881
TBC1D24,0.327792169680556,0.135713687715059,0.3702771841883703
ZFYVE19,0.135951226988603,0.772066968386584,0.8842253455508512
PTPLAD1,-0.0072606832799486,0.962054763357538,0.9781392008517518
NUP93,0.24587223220362,0.165974106018333,0.4040590444539669
GABARAP,0.0712321686806803,0.885206019730888,0.9388285939295956
SAP130,0.571796350165847,0.0096823027749536,0.14427695123996792
ESYT2,0.349571549802107,0.0588067175404614,0.26382185643960027
RBM33,-0.103823945091399,0.74128279903863,0.8672816872272496
SF1,-0.0887160222257464,0.579882778559008,0.7656485372210466
ALG3,0.0115733711998693,0.978141712909154,0.9883458738485937
C21orf33,0.185604867880024,0.579563340501651,0.7656485372210466
EBNA1BP2,0.367138809874525,0.163883906563341,0.40185637848081446
BRCC3,0.629924867345743,0.141318202411466,0.3747513097997793
DVL2,0.130625324749762,0.478796108369902,0.6949763724053057
EIF5A,0.389679844894701,0.0685667911421139,0.28260355254925973
RPS15A,0.477480301771809,0.0082748305638488,0.13852679314295027
SMARCD2,0.292623551185017,0.0462301447884375,0.23488481636174705
FBRSL1,-0.077296506046654,0.558998169533101,0.7512403546946332
PSMD9,-0.248937871890696,0.564423895821244,0.7530744320748401
CHID1,0.5734860634889,0.165451653757531,0.40351158722160435
SEC16A,-0.185371689965006,0.145473047417452,0.37859544561296843
DDX41,0.668634020537947,0.0311585296620048,0.20793195071387272
FSCN1,0.306265874367671,0.362398506679307,0.5952020139490856
FHL2,0.144831078195143,0.423817265819486,0.6545514948191606
FBRS,-0.127854597223241,0.625964958494289,0.8003194510365054
NUP98,0.169199340171353,0.350250565678375,0.5875641987934543
SIK3,-0.0908334489671105,0.725550371019675,0.8590016522024864
STAT1,0.690397005845071,0.0115163671274795,0.16144545514420078
ALDOA,0.0874760228607414,0.719381532696929,0.8571892428269205
TRABD,0.0126245697814333,0.974511712056328,0.9866858230455835
HDAC2,-0.214024456635002,0.22797395062256,0.4705024977607309
FKBP8,0.566170731909725,0.071102778996906,0.28303748612532875
KCTD1,0.169171485469604,0.78937382624205,0.8949756759065383
RPL17,-0.401101761403762,0.114859899639404,0.34300929035886174
DDX5,0.443389749105012,0.0057231629872609,0.13248153357138961
RPL19,-1.5298513339201,0.211162870849371,0.45356854057666984
SRSF1,-0.240440695058595,0.290851118268179,0.5313451967146968
CHERP,-0.237168922236897,0.0771397296106716,0.29632145425515777
MRPS23,1.00587880187313,0.0330818166048561,0.21361401579135655
MRPS7,1.10404828298405,0.0909193092529553,0.3112663071881952
RPL18,-0.357646167101795,0.104572037418674,0.3299324915297818
SAP30BP,0.126646099037558,0.247922101171687,0.4893484267668233
ALDH3A2,-0.200976376552205,0.129917214866837,0.36343002703391514
ZNF207,0.129272783671922,0.560175437169381,0.7519153556883924
GIT1,0.409679712469902,0.0577670655297069,0.26285953308148513
TMCO1,0.824059562873252,0.0267865671276529,0.19871762748738556
SMAD4,-0.439230625207838,0.138198805399839,0.3725598014357489
LONP1,0.293901974504191,0.334240246466692,0.5753804830193533
RPL22,-0.156050539575034,0.6866181735445,0.8376736009012237
ATF7,0.0005127941892197,0.998282541408799,0.9990192812917575
FECH,0.226838347892276,0.716156038038125,0.8550554643066373
ACAA2,0.786768334200399,0.0223593607757787,0.19141818278898312
TAF15,0.206476918646942,0.321980829208547,0.5640904449700126
DAZAP1,0.195261500708146,0.587377292037447,0.7732850563133769
RPS15,0.527850983958992,0.282441086905674,0.5233170449869045
VMAC,-0.683489667305974,0.0422384986992302,0.2273997862724977
SARS2,-0.341656294281215,0.0806111624843583,0.301302847377444
COPE,0.301107146777696,0.310130846962955,0.5482886942395919
ZC3H4,-0.951377371434177,0.0073806587995651,0.13565047345491807
RPS5,0.270795190560559,0.0088992592433657,0.13919312019996294
POLD1,0.344439492618172,0.0214665763498194,0.18891769477223913
AGPS,0.440831067742796,0.0608191527164701,0.265906917655124
DDX39A,0.408583936916152,0.174749581699154,0.41499200137312225
PDLIM1,0.371520370584044,0.0065776326501964,0.13312343095024357
HAX1,-0.201239196882643,0.425255490334071,0.6551129472095414
GTPBP1,0.521035781676137,0.167879742505351,0.406355560686252
PSMD11,2.68093938442018,2e-05,0.010848000000000002
CBX4,-0.290514468631486,0.0306381773261678,0.20578100646698097
SUPT5H,0.0676496118530885,0.867137364006465,0.9302517923993406
WWP2,2.39909528981028,0.0251418803560622,0.19492819808454492
POLRMT,-0.568428936486427,0.10802710000759,0.3335036536553474
IGF2BP3,-0.295874828003026,0.234708555713074,0.4750220918610871
DNM1L,0.762120069264856,0.0769839022521215,0.29632145425515777
ELL2,-0.697598072478986,0.112987252144325,0.3397133346068841
NDUFA4,0.143177896215033,0.455271067114343,0.682987700728205
KPNA3,-0.179668826051056,0.726897996520817,0.8590016522024864
DDX3X,0.23950903439961,0.105392649079567,0.3299324915297818
NFIB,0.0016786179394898,0.996753803746339,0.9990192812917575
SCD,-0.496986384479783,0.350109242721612,0.5875641987934543
AP3D1,-0.177963188936928,0.186905488771571,0.42837447200873935
ABLIM1,-0.0477391168082661,0.770701132605585,0.8834072153957508
CHD1,-0.21246079044856,0.0935126875671184,0.3138524197759805
CHD2,-0.310004710097267,0.0809547099668791,0.301302847377444
IMPA2,0.114417855591366,0.728989381084097,0.8590016522024864
PRMT5,-0.262650200426354,0.0101039656794641,0.14892366805818827
SLC9A3R1,0.895968594386432,0.0139506272887121,0.16716019598419787
BCKDK,0.78248562978705,0.0297511651762685,0.20445255148515118
HAT1,0.270014531875262,0.242913108663671,0.48250776286916003
HGS,1.69096468644287,0.0063272014211864,0.13248153357138961
XPO1,0.111220337184726,0.484203754031107,0.6988380410334707
ZNF609,-0.324146504193855,0.0548189219553578,0.2563257178326386
U2SURP,-0.310172946068182,0.0328571651921477,0.21361401579135655
PFAS,0.930013693390592,0.115095300231034,0.34300929035886174
ARPC1B,-0.2634598965879,0.648036089232656,0.8100678328003255
AXIN1,-0.25519130816658,0.110680842425431,0.33673845173880224
NKRF,-0.253725395249138,0.2397015180029,0.4801111645671084
CASC3,-0.809438752042343,0.264084908802591,0.5086635459322634
RER1,0.034190274827008,0.868832794750958,0.9313338100255328
SPTLC1,-0.378899283814651,0.235548443944054,0.47601146048902715
OGT,-0.0892576064315165,0.455122724883202,0.682987700728205
MID1,-0.226292918596076,0.34756889269195,0.5869282920177885
HDAC3,-0.316373408338901,0.271352990287939,0.5173054996599367
YY2,0.377386926098566,0.048850618762767,0.24175707679675934
SLC16A3,-0.430865978672198,0.0456805503304914,0.23463191760661492
SLC31A1,-0.184333760342401,0.414240864348512,0.6456443816742324
DHX15,0.241234883840043,0.0293851395839781,0.20329719018303213
PHGDH,-0.0540651472317002,0.780497230639256,0.8907998490222526
PSMD3,1.77483901440758,5e-05,0.011242623513160735
PAPSS1,0.129795515952395,0.241038285770435,0.4817497547277826
CTIF,-0.106201321734979,0.648349802034362,0.8100678328003255
PPIP5K2,0.539377162355617,0.127569406295193,0.36135777123799917
RIPK2,0.226652247181931,0.136402502924079,0.3714092248294199
HNRNPR,-0.737341625675416,0.0518889060299889,0.2530984049520322
TBX1,-0.215291709403353,0.223110368038056,0.46487615337850186
KLF4,-0.322061305744381,0.15881854910789,0.3966837704604272
XPOT,0.243121591050755,0.498212767762534,0.7066699927677784
TIMM44,-0.112189514644982,0.386378266266126,0.6197029772514709
BUB3,-0.883902771559452,0.144346343267915,0.37713611073466813
ACTN4,-0.118596335700182,0.35500804028066,0.5896551296784165
NARS,0.0726278685174044,0.359807612529473,0.5935512440267219
NUDT21,0.0115283334183047,0.9457286528331,0.9711054749515323
LANCL1,0.234204823906584,0.168322362582336,0.406355560686252
CALU,-0.385199192329086,0.0968888509160603,0.31905081977935207
AHCYL1,0.470967668029008,0.0430779453798232,0.2290733095491775
KIF1C,0.0183293165234382,0.891413500857564,0.9413993046439694
PRICKLE3,-0.195887293913724,0.409856178003888,0.6417609438490441
AQR,-0.186510962922707,0.151278446378521,0.3863155805824378
ACSL4,-0.0452203315033728,0.509208275555276,0.7121691663101919
SYNCRIP,0.459981968270753,0.0701176054707739,0.28303748612532875
GMDS,0.206955948649782,0.134051663577058,0.36735832756715286
CCNT1,-0.441587562844262,0.0090331818418855,0.13919312019996294
CCNT2,-0.07172740308825,0.649786877724351,0.8100678328003255
PRMT3,0.0192072015414375,0.938546622477824,0.970897327264041
UGDH,0.426525572162809,0.1796263005228,0.4200000373828629
CTNND1,0.0594423155651889,0.370790667685967,0.607236890558178
PQBP1,-0.696188727705199,0.0550617039661273,0.2565761875535004
EIF5B,0.271263120561962,0.178597105571866,0.4189925175699832
DNAJA2,-0.452545699250877,0.0624254162697548,0.2676029823775017
BRD4,-0.262746972585866,0.0526734204622629,0.2541820574620231
ABCB7,0.253587648089923,0.19715463180571,0.43637599006173516
MITF,-0.581082658733333,0.130457383935411,0.36343002703391514
FAM20B,0.224098281461867,0.119233442547901,0.35071702406714483
WDR1,-0.241323151266045,0.0589513440274328,0.26382185643960027
HIP1R,0.337078277941259,0.0421142838084459,0.2273997862724977
RNF40,-0.0600384207458546,0.620902887170348,0.7988086480104287
CLUH,0.354965558342787,0.0425955351867363,0.2273997862724977
NDUFS2,-0.132525594156878,0.753216777515282,0.871891755829122
DUSP11,0.714139583745091,0.0194085994429542,0.1802606907167527
NDUFS6,-0.560612173585827,0.0120156609222949,0.16144545514420078
SEC22B,-0.267759066056257,0.0641341379915493,0.270883774673173
PRPF40A,0.027912178699868,0.910661452518405,0.9565119516769615
VPS26A,-0.0542300921161178,0.75336101347596,0.871891755829122
SF3B1,-0.344962613545029,0.0403352277861024,0.22655198784880323
CSDE1,0.0146530900445541,0.904379546492679,0.9513876377378376
SNRNP200,0.620224622701983,0.0257213215707066,0.19520409346702555
TIPRL,0.393148212119087,0.149041927735711,0.38349308161219
WDHD1,-0.0107310214680751,0.92868080854996,0.9642352039768345
CBR3,0.611576996940101,0.214822977530571,0.4572443751581121
CCNK,0.267801482666616,0.340868147698669,0.5792195592473623
TRIO,0.203499642470426,0.20791542159821,0.448224660869909
GLRX3,0.876350637441309,0.0008526874516123,0.05582724535295854
CLPX,0.001975276053475,0.992686617074267,0.9985779323091291
CIAO1,0.555479027975164,0.231929193577763,0.4713810634361604
MTA2,-0.250715853729158,0.30133562505804,0.5390647857238815
TOX4,-0.360055551261357,0.432328881993043,0.6609221690897027
SEC24D,-0.133502042159154,0.627181325402932,0.8003237231452133
FBXO21,1.37558071047459,0.0082355240628242,0.13852679314295027
HEXIM1,-0.120638633022281,0.139323687382464,0.3739837426705153
ZFPL1,-0.184681913183919,0.527666781092935,0.72641234026601
IKBKAP,-0.335099000703835,0.137681036761385,0.37200640273138114
ZRANB2,-0.44430803217514,0.0901496763635312,0.3103527846756835
TNKS,-0.0186623017624292,0.861906340168174,0.9283044426995927
SMC2,0.176114882530733,0.108534761741515,0.3337259340623454
FARS2,0.385502829389399,0.0134608352059199,0.1658550234552012
IPO7,0.0124788157598346,0.911928261147894,0.9568814998608444
PGM3,0.696669333682863,0.090082529158278,0.3103527846756835
ZIC2,0.302654452010028,0.176934363106975,0.417406801181597
PAPLN,-0.270203405133589,0.376717095526941,0.6115509698328452
SEC24B,-0.251045637213721,0.0042262071795321,0.11939035282178183
ACSL3,-0.149049816223979,0.141416976025195,0.3747513097997793
CPSF4,0.0409621192191274,0.859504758842946,0.9271984510668534
AP2A1,-0.246505674053907,0.0630148105652505,0.2682548592395185
BAG2,0.0734292121829654,0.642426633597783,0.8088491319949802
BAG3,0.253623087174731,0.0484507573282199,0.2406768863497144
AIFM1,0.153544291857489,0.428105542505274,0.6574304820352792
PAK4,-0.206330840187341,0.281417338360263,0.5233170449869045
ACTL6A,-0.0495096375177013,0.624929528902319,0.8001984964198099
GLUD1,0.391248069712276,0.112158996180196,0.33899755769241424
GSR,-0.156700724466603,0.485475984257765,0.6988380410334707
ASS1,0.337217050718159,0.209279542283618,0.4504493005342635
LMNA,-0.244083972755931,0.015001666359209,0.17097566079232315
LMNA,0.0939781637812089,0.634961941398905,0.8031794706501074
TFRC,0.267206414623253,0.141382488297924,0.3747513097997793
CAT,-0.712232374872954,0.0187095755395965,0.1802606907167527
CSTB,-0.0739722802878724,0.667308649968399,0.8221422548951335
TK1,0.145180356007401,0.374098298956364,0.6106341171994297
GAPDH,0.796265002440322,0.0012087334747982,0.0630400996856292
HSPB1,0.343881659186529,0.656704134103965,0.8144221479542564
RPN1,0.0146266373754607,0.942343212694162,0.970897327264041
RPN2,-0.594073576179824,0.133872343091873,0.36735832756715286
SLC4A2,-0.142757267083013,0.256491553309809,0.4994214613361345
ATP1A1,0.0680011365596904,0.433350678679102,0.6609938360954581
SLC25A5,0.10420635603823,0.467177951635671,0.6883388161622465
EIF2S1,0.340688695211465,0.303897465663433,0.5408237310852588
RPLP2,-0.107731352280648,0.487230984222957,0.6999937047613618
TFAP2A,-0.337897621700222,0.338308096062993,0.578004989705174
KRT18,0.402295129021251,0.0218732139227445,0.18891769477223913
CDK1,0.126922885059031,0.589408038228691,0.7752059164288119
ATP5B,0.018735231910469,0.886257646703476,0.9388791944764948
ENO1,-0.119202913904108,0.857158720114504,0.926879764334344
NPM1,-0.168674185461676,0.436034040082427,0.6634111961653612
LDHB,0.587418537662018,0.287423436426959,0.5283247052790822
P4HB,0.0578697866308389,0.813540189406767,0.9094480600458169
ANXA2,-0.192833107830836,0.647060977132668,0.8100678328003255
TUBB,0.211436634292838,0.363486849304684,0.5959953659699535
EPRS,0.0092539548555699,0.748144913404741,0.871891755829122
CTSB,0.297212178159089,0.530882504242495,0.7288156217984204
HSP90AA1,0.146426318705313,0.88150517159843,0.9382425531298831
UQCRH,-0.111603433231249,0.487595572955912,0.6999937047613618
HSPA1A,-0.145001325239427,0.160126192247462,0.39840571869276786
SLC3A2,-0.214850317943931,0.127594839281914,0.36135777123799917
PFKM,-0.185601560562215,0.456332490309553,0.682987700728205
HSP90AB1,0.140864272025482,0.376888706860924,0.6115509698328452
SRPR,0.383658753870197,0.182905662470587,0.42180285426890474
ASNS,-0.216854562009296,0.565361188681554,0.7530744320748401
PDHA1,0.354170914244065,0.0998035641057577,0.3237646720751374
CYC1,0.0268691679192017,0.879468969358971,0.9373550250174912
SNRPB2,-0.212507279050286,0.336370499354724,0.578004989705174
SNRNP70,0.126847624130939,0.699785229542353,0.8469322549078802
NFIC,-0.384203142417512,0.134102044355266,0.36735832756715286
VIM,1.57163108012941,0.303628422493952,0.5408237310852588
LGALS1,-0.596313388616821,0.222944817555115,0.46487615337850186
CNP,0.293945195530121,0.162284113608152,0.4015643395121426
DLD,-0.0559018657860406,0.612594441371727,0.7936930076019371
SNRPA1,-0.11261259845924,0.592644712920402,0.7776458119870413
PARP1,0.247788038320618,0.0913598748236738,0.3112663071881952
HIST1H2AJ,0.289436077106881,0.726943808858833,0.8590016522024864
PRSS56,0.202200349934444,0.404792665210587,0.6371663685711937
TROVE2,0.0252205895471853,0.91860165009358,0.9574356937178282
ARAF,0.340415348102852,0.280673732573203,0.5233170449869045
PTPRF,0.194718832722337,0.182433149207427,0.42180285426890474
TXN,-0.0907159580174763,0.516360549162715,0.7166682749893977
HSPD1,-0.0009543362726809,0.988419873064591,0.9972450505026678
HSPA5,0.090266424701845,0.190761649653681,0.4291165171059743
HSPA8,0.140214891857624,0.231247956092084,0.4713810634361604
SLC2A1,0.124651931986239,0.712047915458114,0.8520911217955868
PDHB,0.376138124024841,0.344883620784289,0.5831199373859052
DBT,-0.255537693778823,0.121942996171969,0.354838418045472
TOP1,-0.165654585757178,0.398187180898786,0.6302009410365663
G6PD,0.189048441601742,0.281346601116461,0.5233170449869045
PC,-0.0153910988883581,0.918050627032735,0.9574356937178282
DMD,0.0908396543345233,0.841536645686717,0.9224437119132514
MTHFD1,0.500004584135926,0.0001910780488085,0.01993091032187123
IGF2R,0.299775756321459,0.310947813346023,0.548303296355276
PRPS2,0.333143619089796,0.284208400535689,0.5257661543334164
PABPC1,-0.02873107307758,0.724760403420407,0.8590016522024864
PCNA,0.384912001077222,0.0523581374838702,0.25356298010045714
IMPDH2,0.156586653400304,0.139554405450797,0.3739837426705153
TPR,-0.086104867182982,0.310081098609494,0.5482886942395919
CKMT1A,0.728660495214079,0.0570988358803394,0.26228170695546693
ACTN1,0.0830921060203167,0.35166790637701,0.5887181247496611
XRCC5,0.952127142723281,0.0419345988816387,0.2273997862724977
UNG,-0.0623120654699427,0.837988000756576,0.9207869231989653
RNH1,-0.0870572758574291,0.565340067727922,0.7530744320748401
EEF2,0.391692732695464,0.0927275310995427,0.3138524197759805
FDPS,0.0624304382615719,0.472810176662514,0.6907312143601507
TRIM27,-0.0342980255661267,0.820637738093119,0.9141074159951177
PKM,0.375028672982943,0.0121882846896509,0.16144545514420078
HNRNPL,-0.422150187189615,0.0026218148314972,0.1013848620823541
DARS,0.0282498539530884,0.826689461409967,0.9156318349066077
GSPT1,0.281794546748401,0.252356730448271,0.495218128057678
NME1,-1.09675315538177,0.0005415688691915,0.04079818814575967
RPS2,0.0088938597510193,0.962269685793685,0.9781392008517518
DSP,-0.437966934305553,0.547488400818008,0.7401737502584435
NQO2,-0.201085139875545,0.27708381141024,0.5211174039837524
HIST1H1B,-0.126613949475541,0.674172418974775,0.8258155376059574
HIST1H1C,-0.737646683928993,0.0165984209918857,0.1770989674387294
ATP2A2,-0.128440954262608,0.463794865484979,0.686810920071096
YBX3,-0.804647934607271,0.0009958043887195,0.05626294796265175
CAPN2,0.252644156569072,0.331329202610755,0.574449420415031
CTPS1,0.784761093616357,0.0089457560341675,0.13919312019996294
PFKL,0.957951542566697,0.0043606722613315,0.12067493033399007
PSMC3,0.818129131956539,0.0076802995512705,0.13824825130779522
TCP1,0.0905894590252387,0.37761033305921,0.6115509698328452
PTPN1,0.454148450689175,0.170625414581322,0.4073718930048104
RPL35A,0.810780961762838,0.014485446024818,0.1685765929164879
RPL7,-0.0676570836311825,0.545978350620012,0.7399446654354273
ATP5J,0.0882376945062155,0.604704256809058,0.787058550619014
NCL,0.314447452299415,0.0614897663615291,0.2661365167866136
CSNK2A2,-0.189231771966977,0.415194489139994,0.6462221279793213
ATP2B1,0.294786274331511,0.28249858180709,0.5233170449869045
EIF2S2,0.367969236091877,0.0766147354231865,0.2959817129169256
LMNB1,0.0964152226371837,0.628732299414428,0.8012791334642523
CDK11B,-0.0327972398372331,0.808977142286557,0.9065892602814639
CSRP1,-0.420929525006617,0.244464859450348,0.48393335680974
FLNA,-0.081056742904071,0.38504577120059,0.6193618810771057
SDHB,0.769545862506344,0.155496143687432,0.3919196484017803
BCKDHB,1.01488585141243,0.0895524615936092,0.3103527846756835
GART,0.475531971511781,0.194938501592831,0.43548040883011335
NME2,0.442850737179377,0.0435280607830091,0.22966556584342546
HNRNPA2B1,0.128261679439905,0.642132660549055,0.8088491319949802
CBL,0.28837410455618,0.102520150160922,0.3294249374839105
UQCRC2,-0.14003653473652,0.623286307460296,0.7995990850673239
SFPQ,0.0113107651581004,0.898895746725931,0.9463529755903435
TUBG1,0.20143745238191,0.337765911946306,0.578004989705174
ME2,0.213122073291419,0.0492405129879754,0.24280049313343507
RPS3,0.590896312605832,0.0009310761211875,0.05582724535295854
JAK1,-0.275599549434123,0.143255182516406,0.37573312861169544
AHCY,-0.0216224161682703,0.781738616286015,0.8907998490222526
GATA2,-0.118644938977219,0.528557842929386,0.7269010497081617
RRM1,0.460418495492739,0.0465958817118805,0.23488481636174705
ATP5F1,-0.0883538417165752,0.702353448462938,0.8480777169329865
ACP1,-0.283683518949214,0.699432472001076,0.8469322549078802
ACAT1,0.448189090917321,0.0086125770421437,0.13919312019996294
POLR2A,0.347759847638301,0.0350914680709165,0.21922090249135576
ADRBK1,0.459532317399997,0.188173109205591,0.4288449345929099
MCM3,0.296629515332906,0.41154134540558,0.643656360288312
RPS12,-1.17730773129503,0.00595834963521,0.13248153357138961
YY1,-0.07046007110673,0.562618757833394,0.7530744320748401
ATP5A1,0.388631675772292,0.0736425709521345,0.2894473223509982
DDX6,0.524603993912727,0.0031795943842405,0.10265547583405044
DNMT1,-0.0942886871290334,0.632150861390456,0.8029315827961974
U2AF2,0.0522862555291681,0.755212607601463,0.8722933343527303
RPL13,-0.286821588222356,0.113519729509373,0.33992447074383175
IVD,0.868908757645947,0.0302126227330578,0.2048415821301319
PTBP1,0.0657067869474872,0.594015065457737,0.7776458119870413
VARS,0.0955693895101781,0.819277904971158,0.9141074159951177
EEF1G,0.293947506689285,0.231689068354159,0.4713810634361604
YWHAQ,-0.674792252876568,0.0095449146188689,0.14381004692429142
RPA1,0.884273303407998,0.0282585467941411,0.20167678659397542
CANX,0.347190317284543,0.325390422970735,0.5685946050880369
MAPK1,0.101293662262979,0.712589477961796,0.8520911217955868
GRN,-0.47027415519381,0.0030355190729406,0.1013848620823541
SHC1,0.525998468134745,0.0604938683135767,0.265906917655124
MPG,-0.161212708596004,0.336880482429564,0.578004989705174
PRDX5,0.888279641935526,0.0029317020229945,0.1013848620823541
RPL12,0.12821277812446,0.393051107874765,0.6262953023245375
PPP2R1A,-0.398802079174303,0.0897794001480964,0.3103527846756835
HLA-C,0.0640595969269846,0.488551446489672,0.6999937047613618
LRPAP1,0.096248638990037,0.472775080669737,0.6907312143601507
ADSL,-0.769504913269078,0.0002873346520143,0.024421468323848627
ALDH1B1,0.140091425690393,0.648875556669706,0.8100678328003255
SDHA,0.0186627146763243,0.843860112582704,0.922874656216519
CPS1,0.257094389444834,0.0169530215310358,0.1770989674387294
DNAJA1,-0.0011791375310252,0.995763543139,0.9990192812917575
YWHAB,-1.25931092287834,0.0191272378172799,0.1802606907167527
SFN,-1.07593457122329,0.475674326685433,0.6913337481087323
OTX1,0.413744124303314,0.251750751892972,0.495218128057678
PYCR1,-0.21903074429768,0.149695202008538,0.3842178704131958
CTH,0.218411003164398,0.434263205853169,0.6616414686931429
CD70,-0.74279557803585,0.0312817978950074,0.20793195071387272
KIF5B,-0.25986342397594,0.176778058866143,0.417406801181597
ABCD1,0.0821333807726994,0.484899112747062,0.6988380410334707
MCM7,0.917612598039344,0.0182101984695166,0.1802410885012008
SHMT1,-0.113116032123685,0.657063296358375,0.8144221479542564
SHMT2,-0.129723716030405,0.634541531993598,0.8031794706501074
SERPINB6,-0.141695437545248,0.728281733292512,0.8590016522024864
RDX,0.281072651167605,0.755215615435181,0.8722933343527303
RFC4,0.234005777928338,0.546562539254727,0.7399446654354273
CBS,-0.0752803241920539,0.605713918647076,0.787058550619014
IRS1,0.0921523888345455,0.51137863064618,0.7126715551451389
AGL,0.0902683528792245,0.752222593485487,0.871891755829122
MYH9,-0.246762413257944,0.495730383910394,0.7057453831403677
BSG,0.321613504440201,0.256708524005373,0.4994214613361345
KRT2,-1.59866450526067,0.0036657103057389,0.11297052669504427
PSMC2,1.90302202688122,4e-05,0.010848000000000002
RPL4,-0.391852731293064,0.0869639200841376,0.31006224152027945
RBMX,-0.085908784938205,0.844082760018203,0.922874656216519
HSPA9,-0.180925098320621,0.122697059737458,0.3555068653931475
EIF4A3,0.616935964272461,0.0306546927037833,0.20578100646698097
RPS19,-0.089302466250988,0.460525415444639,0.6864870611537808
RPL3,-0.0755954671201735,0.565214173594416,0.7530744320748401
DDOST,-0.0323566250059883,0.836352744210912,0.9207869231989653
FEN1,0.528591760801167,0.012984215690922,0.1646137977820837
CCT6A,-0.331899369009413,0.0716807578415723,0.2842079170560586
PBX2,0.251316237874523,0.338874606796175,0.578004989705174
RPL13A,0.28444266414326,0.161747141665331,0.40096732010637814
RFC5,0.0836397544748735,0.8904388255819,0.9413993046439694
RFC3,-0.453938801545728,0.348469326352368,0.5870902626903022
HADHA,0.247124966642048,0.352774000223552,0.5891152023437641
EIF2S3,0.377905219010167,0.110308183315288,0.33673845173880224
ETV6,0.160145880021144,0.406357841697192,0.6384950560155184
NAA10,-0.159692017341211,0.706069791634252,0.8507706435909281
GARS,0.106046646639154,0.473774775581652,0.6907312143601507
IARS,0.181891419267068,0.086438161480936,0.3092616014990744
TMPO,-0.151297379446799,0.0650584574090512,0.2722816921193624
SKIV2L2,1.59157512283702,0.0054110710969859,0.13248153357138961
MLLT3,0.315722640651238,0.132523403179688,0.3659913130583644
RPS27,-0.512708042276557,0.103304619324888,0.3299324915297818
HELZ,-0.057550927921767,0.682218810373063,0.8334132494287148
LRPPRC,0.396235606238196,0.0442412454825849,0.23178376274807763
RPL35,-0.374928340787996,0.221683989213586,0.46487615337850186
CRAT,0.513075839192524,0.0175347054553873,0.1770989674387294
MSH2,0.160228241399928,0.552671110881098,0.7451811596454698
NAMPT,0.0402385773202347,0.642036660396597,0.8088491319949802
PSMC4,0.390788846338339,0.329191959073187,0.5722875596195405
RECQL,0.493198173590873,0.089665668979338,0.3103527846756835
NOP2,-0.404910915918432,0.0852596637353845,0.30829894406715036
CRKL,0.110723697358548,0.643072280876531,0.8089109581341151
MAP2K3,0.293808357310688,0.481770162304459,0.6974684826641464
RPL5,0.0299233243346926,0.87600589938663,0.935741480144043
RPL21,-0.831312590125489,0.531088499516244,0.7288156217984204
RPL28,-0.149874674314098,0.378222426844559,0.6115509698328452
RPS9,0.570761874383606,0.0359277420086301,0.21922090249135576
RPS10,-0.0936404595096718,0.662724682177826,0.8180456231443004
IQGAP1,0.276572573068563,0.0893469852155364,0.3103527846756835
STT3A,0.461164745091352,0.0930216294245493,0.3138524197759805
QARS,-0.203482148192951,0.0495300445911412,0.24334326255647631
RPL29,-0.60081679896253,0.042160160868825,0.2273997862724977
LIMS1,0.933345438678558,0.0008953466039751,0.05582724535295854
PRRC2A,0.548304148987832,0.0623196996058915,0.2676029823775017
CCT5,0.0664727457775918,0.612395711814703,0.7936930076019371
PTDSS1,0.179974396354098,0.353286603930511,0.5892455534191549
CSNK1A1,0.833294011492381,0.0074027544510796,0.13565047345491807
IDH2,0.151975377302627,0.405042337543045,0.6371663685711937
POLD2,0.61409688025411,0.228319474995792,0.4705024977607309
RPL34,0.394296372326885,0.142248068478023,0.3747513097997793
LMAN1,-0.413827131837014,0.0248933148789688,0.19492819808454492
FASN,-0.138483592887951,0.0646855900759247,0.2715593193280306
CCT3,0.0135780503125744,0.839301354774278,0.9207869231989653
TUFM,-0.0276450561399777,0.822849234264814,0.9141214748224705
SRP9,1.0731285754422,0.0002881589182755,0.024421468323848627
CSNK1E,0.542772279566314,0.104352801509332,0.3299324915297818
MCM2,0.355380820171529,0.222625025336776,0.46487615337850186
YLPM1,-0.315299379603264,0.148852818193312,0.38349308161219
TMED10,-0.334707675552931,0.446780869889683,0.6754011812379155
RBM25,-0.439908630973566,0.0135766280262001,0.1658550234552012
CLK1,-0.40040644830259,0.0815959395162171,0.30148254491550514
CLK3,0.500773460260234,0.0844719773575326,0.3070884753265796
RANBP2,0.285966577020169,0.190149133008325,0.4290220039256052
GSK3B,0.161769352203457,0.330016076637952,0.5729856593099397
NT5C2,0.62444416734283,0.103853897854319,0.3299324915297818
GMPS,0.272276746134668,0.015004501205226,0.17097566079232315
IDH3A,0.224267536023344,0.327297965798216,0.5704576370467621
CRIP1,-0.728569246001971,0.0058603093901289,0.13248153357138961
EMD,0.115212480134673,0.525505241471499,0.7256467489158377
CPT1A,0.030675406650559,0.801083564356105,0.9014098939894573
SERPINH1,-0.0537542481148101,0.852790086841747,0.9253633022607881
CDK9,-0.217001270095601,0.219085023063677,0.46274032908776636
RPL14,0.433653431054935,0.0935441850006,0.3138524197759805
CCT8,-0.226769525779702,0.282338546236939,0.5233170449869045
CCT4,0.145602172955176,0.393686331195202,0.6265712031698286
FXR1,-0.0854436437029946,0.796020358540592,0.8987540434479957
FXR2,-0.374417124512103,0.292710661095576,0.5319414012635434
SMARCA2,0.232209132410901,0.464458417186722,0.686810920071096
SMARCA4,-0.196106833913188,0.110005543964139,0.3367212587254458
GALK1,0.232912498170901,0.213720515201367,0.45638585608354904
BCAP31,-0.460839211531635,0.19727026689369,0.43637599006173516
MECP2,-0.841150040712591,0.0269646338183473,0.19871762748738556
STAT5B,0.324193147925541,0.0539709737301742,0.25533937022764636
AFF1,-0.272956262468238,0.318134283395479,0.559520218267535
NDUFA8,0.523683697530466,0.147624890485713,0.3812940028545273
HNRNPA3,-0.391792829051127,0.286942710466678,0.5283247052790822
HNRNPM,-0.141695618316909,0.334365649424226,0.5753804830193533
KPNA2,0.266379384579622,0.348530723794759,0.5870902626903022
KPNA1,0.468777651150116,0.18947554392571,0.42889076162379264
NCBP2,-0.632490407840301,0.0245317545235734,0.19492819808454492
AGFG1,0.876522170250549,0.0085027073595892,0.13919312019996294
HNRNPF,0.528146551169307,0.246954720074792,0.48814956329652764
GTF2A1,-0.0213334255774704,0.921268627702721,0.9594779256258753
GTF2A2,-0.520347484482564,0.0293086876806804,0.20329719018303213
MSH6,0.439367440488216,0.0895125563662083,0.3103527846756835
CRIP2,-0.439794247108214,0.175496760785111,0.41603777556750093
SLC25A1,0.0709771696256816,0.751890477618644,0.871891755829122
SUCLG1,0.796305544258868,0.0413801576981563,0.2273997862724977
COPB1,0.0317285901795685,0.844607262805826,0.922874656216519
COPA,0.0254114282786375,0.766172110101106,0.8789588674256342
CTSC,0.791136783019812,0.0126753810636429,0.16369349259333116
SLC16A1,-0.357326295630447,0.0345456777214626,0.21687008791807078
SEC24C,-0.0953587409010126,0.436905608228422,0.6634311363468536
SUB1,-0.114459990252225,0.121196313873398,0.35418577933691314
RARS,0.287980464412996,0.091142339525245,0.3112663071881952
ATN1,-0.241339924737446,0.0670151193067404,0.27789755896006113
ALDH18A1,0.365819890740962,0.0416086286672738,0.2273997862724977
CSE1L,0.335146351539297,0.255082981176927,0.49840421106039334
VCP,-0.0603480004218397,0.859175276371405,0.9271984510668534
MFAP1,-0.4020855156196,0.254778186532755,0.49840421106039334
HADHB,0.161588530891759,0.398290712734762,0.6302009410365663
LAMB2,0.255215142152547,0.189774673284864,0.42889076162379264
SEC13,-0.333788533977213,0.0946621272151472,0.3153253196099329
HNRNPH2,0.0292366292840995,0.941472617010252,0.970897327264041
EIF3B,-0.0809369949721308,0.738930927146242,0.8668947746962886
MARS,0.443700623756904,0.0454085792595372,0.23412180028871654
MAZ,-0.516695953646977,0.109781284051547,0.3367212587254458
CTBP2,0.357467204372291,0.566734960134274,0.7534241234726232
TMEM33,-0.135363700014931,0.700155647309538,0.8469322549078802
EEFSEC,0.423504470448378,0.061627482500735,0.2661365167866136
FOXL2,0.394567236019771,0.024508496995742,0.19492819808454492
UBE2G2,2.04508369717641,3e-05,0.010848000000000002
ACTG1,-0.138345727537157,0.265463062842264,0.5105927847008652
EIF4A1,0.388943071041236,0.0695924937318583,0.28303748612532875
RPS20,0.170772240077895,0.354244612480604,0.5896551296784165
PRPS1,0.323944522468189,0.0666837734133289,0.27789755896006113
S100A10,0.571219280134429,0.0177171105252146,0.1770989674387294
UBE2M,0.649688201058467,0.252259185887143,0.495218128057678
ACTR2,0.456314937310236,0.232214270188315,0.4713810634361604
ACTR1A,0.151869868908758,0.795394742701749,0.8987540434479957
RPS3A,-0.312221122970108,0.0425384392549978,0.2273997862724977
RPL26,-0.63729881703361,0.117058744271096,0.3465756708113672
RPL15,-0.318035174638837,0.221300462557187,0.46487615337850186
RPL27,-0.511988464219492,0.060858407913451,0.265906917655124
STXBP1,-0.668668514053234,0.0230652072080967,0.19492819808454492
DCAF7,0.330552323196805,0.105542252092737,0.3299324915297818
WDR5,-0.328554751734075,0.0625591042873658,0.2676029823775017
HNRNPK,0.216408382564619,0.361707218253377,0.5952020139490856
YWHAG,0.0457409721343005,0.791867075259368,0.8970524261083567
RPS7,0.700612348031804,0.0699752375043926,0.28303748612532875
PPP1CA,-0.022146234419381,0.864550472753774,0.9289464667623752
PPP1CB,-0.138262405800489,0.631778519533103,0.8029315827961974
PSMC1,1.5763312602529,7e-05,0.011242623513160735
PSMC5,1.62729435953089,6e-05,0.011242623513160735
RPS8,-0.274755623986096,0.1276477672736,0.36135777123799917
RPS16,0.860861266984564,0.0135466400868826,0.1658550234552012
YWHAE,-0.0342665617654241,0.846827166920873,0.923068841113106
RPS14,0.20580612728638,0.257115095289496,0.4994958011641212
RPS23,0.493954886287938,0.0711768309503961,0.28303748612532875
RPS18,0.0192079229793798,0.923503882853352,0.9603307248076268
RPS29,-0.110154236436372,0.467530998246751,0.6883388161622465
RPS13,0.0384312487525449,0.408516626993553,0.6411441506982152
RPS11,-0.23329322187897,0.125767919750553,0.36135777123799917
SNRPF,-1.52542899810078,0.242689131158767,0.48250776286916003
SNRPD1,0.291384984207511,0.302421056833141,0.5402937458046629
SNRPD2,-0.0006699549435822,0.999645246837009,0.999645246837009
PSMC6,1.12988784312057,9e-05,0.011242623513160735
TBPL1,0.420137268731651,0.077915635011614,0.2975279476438894
RPL7A,-0.534347149856146,0.039755318500417,0.22655198784880323
CNBP,-0.226754624872498,0.276116646202234,0.5207429377610978
RPS4X,-0.285563907932627,0.00817070795368,0.13852679314295027
RPL23A,-0.14609136831956,0.382276256476392,0.6156372966531919
RPS6,-0.198062425238252,0.30589999350581,0.5435906600620702
HIST1H4A,-0.221506200948415,0.848207773657539,0.9238311173330304
RPL23,0.264723243336345,0.196445865577864,0.43597478514498134
RPS25,0.493188630667564,0.070578417207074,0.28303748612532875
RPS26P11,-0.695358865011755,0.619703625381497,0.7987814791039068
FAU,0.654964367438442,0.0091727674156193,0.13975587208516596
RPL30,-0.274845714365398,0.469179438734458,0.689282035670558
RPL10A,-0.106708266874566,0.643865693206416,0.8091583688488415
RPL11,0.311491760442969,0.0476432262097668,0.23839193631160066
RPL8,-0.653045342387315,0.0290858247402775,0.20329719018303213
PPIA,-0.0617543836190002,0.862583774189887,0.9283044426995927
RPS27A,6.88839896418899,9.1201223189357e-05,0.011242623513160735
TRA2B,0.0228991526153521,0.942771600211973,0.970897327264041
AP2B1,0.0183736871462692,0.875844026081333,0.935741480144043
YWHAZ,-0.324802340602215,0.436403235235621,0.6634111961653612
PPP2R2A,-0.0460297646946231,0.875335774986207,0.935741480144043
DYNLL1,0.200276747798831,0.403510663793187,0.6362330931436763
RPL38,0.126973635112925,0.836694565249921,0.9207869231989653
YBX1,-0.544682810604748,0.0121965933703818,0.16144545514420078
CSNK2B,0.691365872502143,0.0111184495552464,0.16038954890334167
ACTA1,-0.579174452024024,0.180652362017896,0.4209013795468505
EEF1A1P5,0.601605178953758,0.0173693310377617,0.1770989674387294
TUBA1B,0.714129631788005,0.0281634029441974,0.20167678659397542
TUBB4B,-0.158807643427945,0.560609457670328,0.7519153556883924
EIF4G2,0.176933743438848,0.259228109693052,0.502880281464633
CCT2,-0.142819189283131,0.278785564759586,0.5228675322461944
RAE1,0.18787468070521,0.622549511994076,0.7994101688105749
PRKDC,0.289126461741969,0.11610760342915,0.3445118386212853
ERH,0.426003182435615,0.165371511805151,0.40351158722160435
FOXK1,-0.0354661278601505,0.916566661508262,0.9574356937178282
HSPG2,0.0104606482511578,0.927229700036493,0.9634662630264249
RBM10,-0.288134966284815,0.133496870723811,0.36735832756715286
SLC25A3,0.180709279646148,0.0757242481638311,0.29337737288615706
HDLBP,0.346986014944147,0.198703487708558,0.4374057294363712
CDC42EP1,0.185123719671367,0.187018943531839,0.42837447200873935
CLTC,0.349961780264493,0.0812372473161564,0.301302847377444
NFKB2,0.10523155829318,0.425500068067385,0.6551129472095414
HNRNPU,-0.352479194700525,0.0337354825775102,0.21577978478822557
U2AF1,0.190477063631992,0.398246692704338,0.6302009410365663
CAP1,-0.0384376925755845,0.907881038358876,0.9543307659028185
SLC7A5,-0.8735826223161,0.0475091678038634,0.23839193631160066
PFKP,0.678516721437493,0.0061742893943491,0.13248153357138961
RPL18A,-0.738075161507378,0.152363251006959,0.38781397153574915
NUCB1,-0.536878323500606,0.0398630022240176,0.22655198784880323
RPL6,-0.5654659849443,0.0174999982387172,0.1770989674387294
MLLT1,-0.0364548114929129,0.806864308069962,0.9049693976367812
TAP2,-0.674114294374498,0.186681818990005,0.42837447200873935
TLE3,0.428471468329356,0.231521903411925,0.4713810634361604
TLE4,0.208687880309327,0.310768946076813,0.548303296355276
GFPT1,0.170953465238792,0.374216040850093,0.6106341171994297
RING1,-0.215403071038367,0.12182606623131,0.354838418045472
FMR1,-0.0960420820252921,0.617415343214466,0.797347814665539
PRDX1,0.0880559576881517,0.527475943974835,0.72641234026601
C1QBP,-0.508350911271311,0.122979296328461,0.3555648738196015
CKAP4,-0.399804024110239,0.029272325404522,0.20329719018303213
KHDRBS1,0.237185606153069,0.34258848825386,0.5806874875902928
LRP1,-0.0345288856593626,0.943683646675514,0.970897327264041
DHX9,-0.139286245333551,0.142181936522375,0.3747513097997793
CACNB2,-0.0497067044163622,0.765295226535293,0.8789588674256342
SSRP1,-0.0888622096125715,0.658841510445463,0.815136029346759
NSUN2,-0.0592880153307327,0.169125580078642,0.406355560686252
NCBP1,0.441983907806978,0.155196723721317,0.3919196484017803
EP300,0.283831466228389,0.339867033221842,0.5782430326835856
AHNAK,0.140548894771932,0.4123082340815,0.6441128633807766
GALNT2,-0.0678884379219227,0.472556929163367,0.6907312143601507
CPSF1,0.585387238389739,0.0572532339666801,0.26228170695546693
MN1,-0.0511954304855813,0.727360037335175,0.8590016522024864
TWF1,0.432721491517146,0.0402644090458747,0.22655198784880323
ASPH,0.0430654304269069,0.698265188493046,0.8469119817500629
SMARCB1,0.118509002921691,0.413802807231065,0.6456443816742324
NFIA,-1.23023577388151,0.0249652609342693,0.19492819808454492
SF3A3,0.251111853785119,0.10119029833406,0.3259240962968773
AIMP1,-0.324939913770834,0.0208729856112346,0.18620900321601394
ILF2,-0.113700791597608,0.797287547325482,0.8994358686966336
ILF3,-0.0960552291515171,0.65470766369601,0.8137338148229051
TRAP1,0.465024920772908,0.0781120570510506,0.2975279476438894
TRAF2,0.389911880146869,0.1691491600931,0.406355560686252
FOXF2,-0.098513435265069,0.845915451460665,0.923068841113106
MYO1E,0.283311076586504,0.214654991341388,0.4572443751581121
NFX1,-0.322293474999924,0.0315481817256177,0.2086796800972566
ACACA,0.509897966860159,0.0860754281249077,0.3087785199401451
IK,-1.04917717516442,0.0120883422146944,0.16144545514420078
MTAP,-0.225071498351863,0.14260448072027,0.3747513097997793
PRKAA1,0.311172262823938,0.28967951790442,0.5313451967146968
PPFIA1,-0.0423760642805711,0.211397726876442,0.45356854057666984
TARDBP,0.246897772655807,0.231431350044157,0.4713810634361604
HNRNPA0,-0.441935176255985,0.250623694823619,0.49396181712329557
PRDX4,-0.13970500781662,0.111412061322624,0.337974843743799
CBX3,0.249819431543571,0.216413123544379,0.4580324733061112
PSMD2,0.373569132647702,0.457309937020193,0.6836960028659115
TRIM28,0.02040433645519,0.862110929163173,0.9283044426995927
G3BP1,-0.0681525276579293,0.53371232481256,0.7288156217984204
PABPC4,-0.173937736620804,0.159709018446878,0.39809821509920323
PDE3B,0.117547597666441,0.765903270683085,0.8789588674256342
PLD1,-0.295776752850092,0.485455035791923,0.6988380410334707
SNTB2,-0.288014831244883,0.415564672269888,0.6462221279793213
PPIG,-0.599963692426286,0.0393288282091392,0.22655198784880323
SLC39A6,-0.444972211801115,0.0353631390057062,0.21922090249135576
SF3B2,-0.1671144535458,0.0240854574479413,0.19492819808454492
ADAM9,-0.605441802495456,0.0246319399386775,0.19492819808454492
SQSTM1,4.44011400188355,2.67278221299832e-05,0.010848000000000002
PRPF4B,-0.265212896106057,0.290876039410521,0.5313451967146968
RIPK1,0.0795743082752516,0.853026642939517,0.9253633022607881
STIM1,-0.218349947880785,0.0193393083939366,0.1802606907167527
CUL2,0.609078865949087,0.176997721739984,0.417406801181597
CUL4A,-0.0378205432937087,0.820110635948041,0.9141074159951177
DYRK1A,-0.130852920969442,0.291142685220516,0.5313451967146968
FHL1,-0.32692010027128,0.356576110867479,0.5896551296784165
FHL3,0.0755497761030277,0.838078081124631,0.9207869231989653
RIN1,0.0236428326272637,0.963580631822995,0.9787380799640308
HNRNPD,0.285889839734903,0.169314816952605,0.406355560686252
SAFB2,-0.235071686794623,0.158193028732275,0.39650600177627526
EIF3A,0.356646048076122,0.071154655527612,0.28303748612532875
UBAP2L,-0.0846089743225846,0.614464654520786,0.7942936811536567
TTLL12,-0.39531907066381,0.152437202675925,0.38781397153574915
DYNC1H1,-0.0633866955352431,0.760602134240341,0.8771746025258881
MAP7,0.130121850480258,0.533222327175078,0.7288156217984204
CTTN,-0.189270664500469,0.189479375510425,0.42889076162379264
RCN2,0.309192220342762,0.337458664281146,0.578004989705174
TRIM25,-0.111375479919772,0.355632308430635,0.5896551296784165
CAPRIN1,0.686519626511725,0.0285111787329745,0.2024144416854106
HLTF,0.0317831991237192,0.852198461096156,0.9253633022607881
MCM6,-0.0101805442089713,0.97140723251682,0.9844754912502302
PUM1,0.781951680630936,0.0172579435867677,0.1770989674387294
SMC1A,0.180130070180027,0.339800714952451,0.5782430326835856
RRP1B,-0.303743553441464,0.155206869696507,0.3919196484017803
MVP,-0.0847216084730071,0.400020466411177,0.6322001776847972
LASP1,-0.387601659872363,0.273428433160523,0.5192842512124218
ARID5B,-0.609081387896541,0.0641466104535491,0.270883774673173
KPNB1,0.157975056441657,0.546399581977351,0.7399446654354273
GAPVD1,0.612084556994546,0.0396040366010875,0.22655198784880323
NCAPH,-0.365108903027934,0.293484168185955,0.5320381444654478
EMC2,0.265681006473969,0.16371521469691,0.40185637848081446
WTAP,-0.254108956096253,0.0949186874159055,0.3153253196099329
FAM175B,0.0357840770053777,0.948636913189767,0.9722990584167226
SEPT2,0.127473237007742,0.29629129799433,0.5336242371513271
EFTUD2,-0.200658578327904,0.352180627492614,0.5888494832058996
R3HDM1,-0.326776132385966,0.271111361608444,0.5173054996599367
KARS,0.260893923930837,0.228974757299602,0.4705024977607309
POLD3,-0.130395856410015,0.375273618237706,0.6114636875769551
ACOX1,1.23055508964673,0.0504202162799898,0.24682243059807282
ZNF146,-0.108672713704976,0.620851994195727,0.7988086480104287
PDIA6,0.467575797152989,0.0173474936561927,0.1770989674387294
PAFAH1B3,0.243388595152137,0.203324914704044,0.443371580060242
PPA1,-0.779257833530249,0.0132695957533134,0.1658550234552012
NONO,-0.121659539149164,0.213466981713078,0.45638585608354904
RABEP1,0.812253453221729,0.0567224147475878,0.2616176680194866
RBBP5,-0.909859832285832,0.0268559138006244,0.19871762748738556
RCN1,-0.0011217807839223,0.990115325081914,0.997471308180591
PCBP1,0.467078931800202,0.0830596480540714,0.3035818942353661
PCBP2,0.512978603678381,0.0746492014120872,0.29004102325154796
TCEB2,-0.157755522652238,0.824236125188612,0.9146188099474287
SF3B3,0.0147470820352567,0.883199369129253,0.9385723703285793
SAFB,0.665298134661459,0.063107153464164,0.2682548592395185
SF3B4,0.611446598417903,0.204946044727239,0.4460783894865748
SF3A2,0.279783104871786,0.167420601244256,0.406355560686252
SEC23B,0.136353293765605,0.423690284864387,0.6545514948191606
SF3A1,-0.206146313783833,0.0046826566343907,0.12450357639674095
SLC9A3R2,-0.763098263124064,0.0710256041193363,0.28303748612532875
SF1,-0.533589156731523,0.0257680919842165,0.19520409346702555
TRIP10,-0.297756508960028,0.179955768229678,0.4200000373828629
TRIP13,-0.322080676900065,0.0446742362028435,0.23178376274807763
MED1,-0.01803793146345,0.947863831527447,0.9722415700084858
JMJD1C,-0.217832031689074,0.0529592869977318,0.25465529492526356
TRIP6,0.418370422335791,0.112499189499695,0.33899755769241424
TSC22D1,-0.594224741452578,0.0190266176225131,0.1802606907167527
ELAVL1,0.239244899782371,0.0129894368456364,0.1646137977820837
SMAD1,0.197547581399249,0.748645161561253,0.871891755829122
ZYX,-0.380499872948366,0.0206760220871514,0.18620900321601394
CCDC6,0.467389502797232,0.276605965030741,0.5209412341412288
CSRP2,-0.314047327967462,0.0301022313939261,0.2048415821301319
DDB1,0.422414630129865,0.0362134824174511,0.21922090249135576
RBBP7,0.73452767776298,0.0020846402929097,0.0851119509161704
ZNF239,-0.338417900173084,0.119957994893858,0.3520845044936612
ZSCAN26,-0.730747149062157,0.02674660204053,0.19871762748738556
NDUFA9,0.822949348277195,0.0253004150906194,0.19492819808454492
PCK2,1.04143387225857,0.0009469223031844,0.05582724535295854
UGP2,0.0523130243330527,0.788244836884782,0.8949756759065383
UGT8,0.357904777602389,0.45858913997655,0.6848533852513236
TSR1,0.429377270760583,0.03241053926838,0.21334316139768583
TYSND1,0.17136770880445,0.510397125990368,0.7121691663101919
SMU1,0.0983222908660011,0.702066667275678,0.8480777169329865
LSM12,0.058482249865861,0.729137833101078,0.8590016522024864
ITPRIPL2,0.111933469278117,0.761983791514497,0.8778674777346287
TIMM50,0.129804860682,0.46759322268561,0.6883388161622465
LARP7,-0.227806162339771,0.22249940031609,0.46487615337850186
ACSF3,0.243158295360814,0.341511699654132,0.5795868144317934
FNDC3B,0.136902984511892,0.504794636616516,0.7095970451306881
CRTC2,-0.0446051774057743,0.942859400689152,0.970897327264041
SOWAHC,-0.0544531503952967,0.697344951895817,0.8465530481385208
TOR1AIP1,0.160522567126574,0.823113805868906,0.9141214748224705
IQSEC2,-0.299796061085924,0.344532352339452,0.5831199373859052
PCID2,-0.0586053913157087,0.749874378160523,0.871891755829122
UCHL5,-0.041753060424913,0.922824476291466,0.9603307248076268
WDR45B,0.874917763526302,0.450926704187439,0.678642187434148
VARS2,-0.241762344136479,0.561513167780468,0.7523832564331172
CEP170,-0.451020917034445,0.0275105595367903,0.2016449661183116
FNBP1L,-0.191062814668008,0.385893122197257,0.6197029772514709
ZC3H13,-0.542941540836313,0.0056471972994318,0.13248153357138961
UBR4,-0.242173689423236,0.396237713873348,0.6297716244986825
ARHGAP21,0.37540474387318,0.207003316215739,0.44768181305987576
UBAP2,-0.405838199623723,0.0032557538932392,0.10266982044726407
RBM26,-0.924742877647851,0.0425366397396876,0.2273997862724977
TLN1,0.401619962929029,0.0055519684795027,0.13248153357138961
DDI2,0.273667007773227,0.495071767012621,0.7057453831403677
RPRD2,0.240952843367307,0.224553009190943,0.46487615337850186
PRPF38B,0.123113361527246,0.598808903164901,0.782259029568021
RNF20,0.0698683145650172,0.506285450069068,0.7106864081714868
CDKAL1,0.0669358237956281,0.490718526819837,0.7004361288081041
RSBN1,-0.513535762500247,0.0190462687102216,0.1802606907167527
LRRC16A,0.0742839900969336,0.749584071003166,0.871891755829122
PAPD7,-0.33505365363375,0.0541286930792573,0.25533937022764636
RNF213,0.875207933696728,0.00692170389646,0.13501097421546948
CEP135,-0.387658991186033,0.243388871535771,0.48250776286916003
ARHGAP17,-0.0896045005322001,0.28067396097539,0.5233170449869045
KIAA1429,-0.0245918214664229,0.725129179431877,0.8590016522024864
AMMECR1L,-0.42288403443472,0.30391422056561,0.5408237310852588
TWF2,-0.0854623741752576,0.706465888409576,0.8507706435909281
ACAD10,1.78962367016994,0.0050474748667936,0.13162261383407928
NIPBL,-0.333263015784379,0.0445381424025851,0.23178376274807763
CDC73,0.255438078511027,0.163519506246732,0.40185637848081446
FAM117B,-0.195463136304909,0.202687114928774,0.443371580060242
SLC27A4,0.0470085664156308,0.672358819890973,0.8258155376059574
TAF2,0.136495994525834,0.107836457876417,0.3335036536553474
PRPF8,0.214651632438009,0.0432730472182012,0.2292119219839095
TTC27,-0.0574893316443337,0.866545723072219,0.9302517923993406
SFXN4,-0.456685958392452,0.129468810418152,0.36343002703391514
NFRKB,-0.305883018773937,0.128667057241478,0.36343002703391514
CTR9,-0.574425221232865,0.0013144621496482,0.0636575241043914
DARS2,0.268637381075429,0.20337545929017,0.443371580060242
TRIM65,0.44632575030672,0.292639229177828,0.5319414012635434
ZC3H14,-0.420256108800412,0.290916112645969,0.5313451967146968
LARP1,-0.165132602502432,0.134744900483933,0.3683751714843007
NHS,-0.341036910795683,0.275307770764653,0.5204153844027183
MTHFD1L,0.546425653222954,0.0058048010692323,0.13248153357138961
FIP1L1,-0.0759256795639871,0.652550658022009,0.8125424171513721
CRTC3,0.207996118189069,0.0884461163129545,0.3103527846756835
LCLAT1,0.46737116658781,0.0592859968114917,0.26406023539759405
WDR82,-0.198506332486097,0.205649529595307,0.44617721940997807
PTPLB,-1.1939040352836,0.0877021886018865,0.3103527846756835
RNF111,-0.342527420192297,0.0381718230335462,0.22504779144995063
NFXL1,-0.0147656569274268,0.943689290069326,0.970897327264041
QSOX2,-0.0900069098899436,0.456303096548404,0.682987700728205
USP34,0.122205789001338,0.242258321315554,0.48250776286916003
LARP4,-0.04884934160836,0.827868085150044,0.9156518135917289
CBLL1,-0.183772890924573,0.416373928977935,0.6467388862475142
SND1,-0.0678251055740233,0.4177692361446,0.6481637119131322
COX15,0.605529833684312,0.0175778512160517,0.1770989674387294
LRRC8D,-0.232994730501176,0.160803798356745,0.399358883831037
DHX30,0.142002749477314,0.0969387446527235,0.31905081977935207
MEPCE,-0.108504607692591,0.215134152913625,0.4572443751581121
RSRC2,-0.124462664399545,0.670289723783155,0.8247848143829022
CYFIP1,0.723740080290895,0.0002085106410834,0.020195744950649314
LPCAT2,0.0237843389322592,0.953034812601475,0.9745966861897437
TAOK1,0.249194944351117,0.287503849210724,0.5283247052790822
PHF5A,-0.302863634440879,0.518931202662232,0.7187647710010078
TRMT1L,0.388435286328377,0.0224450524066728,0.19141818278898312
ZC3HAV1,0.072316890827878,0.591076749409287,0.7766473567819702
NUFIP2,-0.297742828593414,0.104242449235485,0.3299324915297818
IRF2BP2,-0.476504110487561,0.0188261838793075,0.1802606907167527
HUWE1,5.30765703121584,0.0001361750175113,0.015387776978776899
YTHDF3,-0.269772861797151,0.137220054825003,0.37200640273138114
TAF8,0.349124883620441,0.266771919721878,0.512383460542304
TMED4,0.349817046750662,0.295724554527931,0.5336242371513271
PCGF5,-0.693994972732639,0.272446225164237,0.5181445740851408
TMEM55B,0.0231946281570004,0.765227108077559,0.8789588674256342
PEG10,-0.206958584969421,0.277699037261321,0.52155110045201
DPP9,0.284682870622131,0.677169665187037,0.8287383267090453
DPP9,-0.0074255094286535,0.939233308143801,0.970897327264041
TRPT1,0.10961588844534,0.821752905677027,0.9141074159951177
KTN1,-0.0267764517688214,0.855725838866418,0.926237191807968
TXNDC5,-0.206259349340442,0.110756157430314,0.33673845173880224
ALYREF,-0.247245124098768,0.254475213462593,0.49840421106039334
CAND1,0.228571760124563,0.0775261606627707,0.29696461542010466
GLCCI1,0.209102402267757,0.205454227398231,0.44617721940997807
CARM1,-0.25496401588342,0.296326733462352,0.5336242371513271
PROSER1,0.693576202071782,0.127175291891889,0.36135777123799917
DDX42,-0.578878230819207,0.172980322648413,0.41223430142574347
TMED7,0.154023308227792,0.462720629715749,0.6864870611537808
HEATR2,0.760469852121268,0.0727389540558135,0.28756274548012567
PLD3,0.678550913264367,0.0255699230580767,0.19520409346702555
CCDC50,1.07890915750633,0.000848299642141,0.05582724535295854
MCAT,0.0617378637024331,0.739034188457898,0.8668947746962886
MISP,0.28946882455358,0.332759544269119,0.5753804830193533
WDFY1,0.213904548090984,0.090176251594557,0.3103527846756835
ZC3H7A,-0.15123703349666,0.724309367578687,0.8590016522024864
PHF6,-0.598272582754852,0.0232815005065072,0.19492819808454492
LRRC8A,-0.152407129440338,0.354691230727422,0.5896551296784165
DNAJC10,0.114768936730339,0.62739241718537,0.8003237231452133
PM20D2,-0.12062442097411,0.595156170746243,0.778236998584287
KMT2E,-0.195143828985373,0.0609860260993684,0.265906917655124
XRN1,0.319525194563798,0.0923342988664094,0.31379776757606803
SPG20,0.153229132959776,0.540257870203854,0.7354877178353115
AHI1,-0.155508729933786,0.473234712468797,0.6907312143601507
FTSJD2,0.0662972833836726,0.782319973807722,0.8907998490222526
ABHD12,-0.3056287531668,0.0337215020135072,0.21577978478822557
FGFRL1,0.193971313472229,0.605965432777471,0.787058550619014
CPSF7,-0.240569607129963,0.182406393003286,0.42180285426890474
PAF1,0.0734217106887947,0.53290234667764,0.7288156217984204
FAM133A,-0.119152533179374,0.619484919254721,0.7987814791039068
SREK1IP1,0.324877012198804,0.355808594824,0.5896551296784165
PRPF38A,-0.0854411018116785,0.753446477476754,0.871891755829122
COLGALT1,0.703371342794764,0.294268981460879,0.532572351248675
UBAC2,1.0252713016699,0.0398425337983716,0.22655198784880323
PCSK9,0.272341465619942,0.262564516479742,0.5071759036275358
SERBP1,-0.160932201285068,0.1313279596214,0.36343002703391514
FAM98A,0.221827427187652,0.227750276817306,0.4705024977607309
GALNT6,-0.265943569397731,0.127283797408991,0.36135777123799917
RNF169,-0.204903172242421,0.155472315912132,0.3919196484017803
RBM15B,-0.254014966119016,0.0329670245126416,0.21361401579135655
PHC3,0.0538728565559161,0.88551753070498,0.9388285939295956
ABCF1,-0.292066187588112,0.287527053118234,0.5283247052790822
SLC30A7,0.0836472068418388,0.78282305006495,0.8907998490222526
LPCAT1,0.187769454744664,0.275559178466926,0.5204153844027183
ARID1B,-0.316534874825415,0.0977658517077857,0.32021858675303727
NUP37,0.252058959727453,0.16807604766986,0.406355560686252
ADCK3,0.338807043174967,0.46177057072219,0.6864870611537808
VANGL1,0.167551181482409,0.448697296755592,0.6775429113592236
SLC30A5,0.19074985858747,0.0745084537321285,0.29004102325154796
SNIP1,0.19676941281821,0.52640417671938,0.7261485896556249
MPLKIP,-0.237792062305495,0.59339581031031,0.7776458119870413
SMARCC2,0.203764298949768,0.338577461242393,0.578004989705174
FAM76A,0.056051623774934,0.673761373433993,0.8258155376059574
SLC35B2,0.457874743336294,0.191132359521618,0.4291165171059743
TBC1D15,3.07883300677315,0.004204027536304,0.11939035282178183
RDH11,-0.213709050520759,0.0792634827343743,0.2993907592975252
STT3B,0.380699183932975,0.101065231544987,0.3259240962968773
BRIX1,0.0333283234017081,0.917184896785345,0.9574356937178282
CSGALNACT1,-0.527732500829014,0.0151889544931467,0.1716351857725577
NEK7,0.107941946592682,0.594130576119893,0.7776458119870413
NUP210,0.43755558419366,0.0740402910974337,0.29004102325154796
GEMIN5,0.563705396231335,0.0905260682817856,0.3107679711141804
FAM222B,-0.0015773102130332,0.995753692142986,0.9990192812917575
PPIL4,-0.348947452935068,0.0445182143133907,0.23178376274807763
C12orf23,-0.230070702360344,0.831673793002695,0.9183629180062332
PTPMT1,-0.108886482399942,0.564937187736245,0.7530744320748401
THEM6,0.0148324697064908,0.960343575520841,0.9781392008517518
PHLDA1,-0.0334407900908467,0.760735495995903,0.8771746025258881
CHTF18,-0.105265832904642,0.636310671074126,0.804135386744189
LEO1,0.108202842437628,0.51049294222235,0.7121691663101919
FAR1,-0.270955905581896,0.237527851531959,0.47716706174420204
C2orf47,0.0620419185036063,0.827174777109583,0.9156318349066077
ATXN2L,-0.192200692183995,0.0989621331927633,0.32251217918635017
PALLD,-0.45333815513742,0.126963806555538,0.36135777123799917
PSPC1,0.267953407699949,0.0360539311215307,0.21922090249135576
GATAD2B,-0.0751268689141185,0.789023117430515,0.8949756759065383
AUTS2,0.450224602860967,0.362564058644502,0.5952020139490856
ZCCHC14,-0.0939378515608595,0.501924839173324,0.7087518124587362
DDB2,0.216878969318344,0.507015901225757,0.7109757622152291
DDX1,0.0236752219353953,0.574069564855325,0.7609367839138033
SLC39A7,-0.792436316009628,0.112343599048395,0.33899755769241424
H1FX,-0.220823168274446,0.184999655763275,0.4259075266808165
NR4A3,0.237448462892466,0.0690039742790054,0.28268697620039673
AP3S1,-0.0018560954657083,0.997592012697013,0.9990192812917575
PHF3,-0.475798649983478,0.130293180126139,0.36343002703391514
HSPH1,0.408668731266427,0.0153809312760877,0.17236812239979274
GCN1L1,0.0459568164061466,0.851480976923539,0.9253633022607881
NSMAF,-0.268712888723268,0.645412748364432,0.8100678328003255
USP6NL,-0.0826224916272835,0.60487116231959,0.787058550619014
STAM,2.43333889577493,0.068976135094985,0.28268697620039673
DPF2,-0.0203771636893642,0.833253487700892,0.9189956101723571
RAD50,0.233277440045697,0.216518300434526,0.4580324733061112
UPF1,-0.109488227317506,0.402328919326324,0.6351082824289818
GATA6,-0.195426552952508,0.2749731105167,0.5204153844027183
SMARCC1,0.361790753918385,0.0785440291909351,0.2983353041538039
KHSRP,0.443651579538024,0.0279983681751764,0.20167678659397542
TNPO1,0.416203051899313,0.141182148078497,0.3747513097997793
DVL3,-0.226055509316424,0.0799921935301625,0.3004692920412752
USP9X,-0.0319182724673084,0.891193100530131,0.9413993046439694
USP7,-0.0628344567391146,0.515287187261599,0.7159112970560739
NAT6,0.716040369840275,0.297986023340716,0.5359005937002796
LPP,-0.0703229024332472,0.624933781496002,0.8001984964198099
PTP4A1,0.606366327987889,0.0145453254950067,0.1685765929164879
SCAMP4,0.461018217289837,0.0668525185888265,0.27789755896006113
NKD2,0.2511273100388,0.361696934104753,0.5952020139490856
SMARCE1,-0.0571378176000579,0.833602212766961,0.9189956101723571
ERGIC1,0.632492736444242,0.0039960918046432,0.11939035282178183
LRRC59,-0.190158703217296,0.533350638642403,0.7288156217984204
PBXIP1,-0.33888948649227,0.021217642604327,0.18804655798344713
FAM105B,0.424447710572384,0.300445489512844,0.5381824092198368
PYCR2,-0.0177172400154575,0.85008942486302,0.9251374479247633
RCN3,-0.670467538263665,0.01226318722703,0.16144545514420078
SEH1L,1.03495768828115,0.0376047106873101,0.22364906882452845
RBM33,-0.469896736148534,0.012382498908331,0.16144873576631572
DNAJA3,0.515717126660952,0.0531698173495946,0.25476421316625536
EDC3,-0.0364602295005341,0.884436783663978,0.9388285939295956
PDXP,0.614778365569151,0.0298536911460619,0.20445255148515118
FAHD2A,0.246157804542054,0.196413267154433,0.43597478514498134
SMARCD1,0.0458489194913199,0.795480366290124,0.8987540434479957
TOE1,0.17653394265535,0.377295700885029,0.6115509698328452
ZC3HAV1L,0.401027618238508,0.0249752058466783,0.19492819808454492
PDLIM5,0.0240895044541141,0.800381831358945,0.9014098939894573
DOCK6,-0.148320465519081,0.450426577150947,0.678642187434148
PGAM5,0.0217539286574784,0.912424616017752,0.9568814998608444
DHTKD1,0.0334817452744645,0.917843337696704,0.9574356937178282
FUBP3,0.125678948858052,0.634694077657097,0.8031794706501074
RBM17,0.130356842610571,0.223420102864264,0.46487615337850186
SUCLG2,0.108924864054245,0.717858923139335,0.8561272645355656
LRCH3,0.0972348353475496,0.54160926374632,0.7358939495390882
GMPPA,0.0531402608645806,0.892296924188444,0.9415176702361632
BOD1,-0.147723988104033,0.432138833878516,0.6609221690897027
USMG5,-0.384661318348648,0.0595888141826429,0.26406023539759405
VCPIP1,-0.0178815573204822,0.94987815129187,0.9728359313835164
SLC35E1,-0.49879406854323,0.0547474941058414,0.2563257178326386
CLPTM1L,-0.517834723668287,0.0056665291024492,0.13248153357138961
ZFR,-0.362161845981873,0.129520800213865,0.36343002703391514
TRIM47,-0.0211568881721682,0.930545660245313,0.9654322228711893
HEXIM2,0.0713862553759519,0.605287509936252,0.787058550619014
MBOAT7,-0.615417987825083,0.115456002249875,0.34332969090094406
DOCK7,-0.0036183533382363,0.952865506446475,0.9745966861897437
NSUN5,0.145676631494787,0.732151110155604,0.8610554253000858
IPO9,1.09248529350403,0.0176380769244365,0.1770989674387294
RBM14,0.39150658194373,0.105547032014889,0.3299324915297818
PPP1R10,0.179890743577417,0.221971381079382,0.46487615337850186
VPS35,0.541510912115942,0.069386145453891,0.28303748612532875
MED15,-0.0355733205390258,0.94507082788852,0.9711054749515323
ERGIC2,-0.278573535476845,0.386628848639192,0.6197029772514709
ERBB2IP,0.109851458435006,0.879980049297394,0.9373550250174912
WRNIP1,4.15602052397711,0.0069695930642204,0.13501097421546948
RANBP9,0.456807119806847,0.420653744530093,0.6511489470123357
KCTD15,0.401260891146567,0.0891070214835593,0.3103527846756835
SIN3A,0.157968356055939,0.37934575348612,0.6116442826720317
RBM15,-0.535436144941766,0.011933641739613,0.16144545514420078
RUFY1,-0.222513061215729,0.0282572738170018,0.20167678659397542
MMS19,-0.0402350872340733,0.730079456104764,0.8593643597899826
YME1L1,-0.367226146461391,0.578750265952521,0.7656485372210466
RNF2,-0.356852681992233,0.440333094822874,0.667141538078008
PIK3R4,0.313922591817608,0.0523052791851965,0.25356298010045714
POP1,-0.133927983708329,0.600281675634684,0.7834282503952181
TSC22D3,-0.033085116022967,0.956722343053134,0.9768941996837723
MNT,-0.102446053242645,0.829715086003673,0.9169467454123722
EIF3C,0.261015127710237,0.0857725621131675,0.3087785199401451
CHP1,0.232182928399773,0.479205684512508,0.6949763724053057
CCT7,0.389383141657561,0.0028605046057753,0.1013848620823541
PRMT1,0.709423451232794,0.0041688250899483,0.11939035282178183
FOXC2,0.119890212819893,0.378879961907856,0.6116205099369676
PKP2,-0.658573395868153,0.131300890209981,0.36343002703391514
CITED2,-0.515478521313653,0.24329843787417,0.48250776286916003
NIPSNAP1,1.61376792461187,0.233397569303386,0.47307489383466583
VKORC1,0.0351280031128809,0.957554468920842,0.9770081714497078
MYBBP1A,-0.671495116601758,0.12677571436361,0.36135777123799917
TXNDC17,0.143570351442147,0.826538017486512,0.9156318349066077
SH2D3A,-0.463306073564844,0.200035841924437,0.4396249621548404
SDF4,0.103988597104738,0.580868776139506,0.7662043389544457
ADPGK,0.37397423689492,0.0287771026022277,0.20323828712823314
ERP44,-0.0281213019105913,0.859056935689922,0.9271984510668534
TACO1,0.187382478537693,0.614134408025436,0.7942936811536567
ESYT1,0.078034736846341,0.583828307009582,0.7693597515111693
WAC,-0.42123786016127,0.118804476040828,0.3504341203948655
MCMBP,0.199509740804515,0.496253764591174,0.7057453831403677
NDC1,0.185778829475243,0.419225004921396,0.6496789790553291
MMTAG2,-0.241887515297368,0.496519981943887,0.7057453831403677
TUBB6,0.413927300022909,0.0535223738220651,0.25533937022764636
DDX23,0.27893018977684,0.488859910331128,0.6999937047613618
FAM195A,-0.740308853520666,0.0390290220186787,0.22655198784880323
MRI1,-0.407326493039974,0.0157596665908208,0.175164818829123
ELOVL1,0.190394604054248,0.555092692361782,0.7467318361533496
RBM4,0.788243411808224,0.0330102769850356,0.21361401579135655
SF3B5,-1.15262058406526,0.0404318444390932,0.22655198784880323
SLC4A1AP,0.528035925636544,0.188605825948367,0.42889076162379264
OSBPL11,-0.147558487685185,0.524990022299336,0.7256467489158377
OSBPL10,-0.43212812138658,0.0344793003528079,0.21687008791807078
RAB11FIP5,-0.597237173719556,0.0164449133695807,0.1770989674387294
KLF16,-0.430319824488397,0.0252659580385845,0.19492819808454492
SRRT,0.119016350816104,0.694091050388595,0.8441143177820043
TBL1XR1,-0.473080578789759,0.0577413244168942,0.26285953308148513
ZCCHC2,0.168884544073642,0.501236099977476,0.7087342560682559
TNKS1BP1,-0.611429433417811,0.0243393993491625,0.19492819808454492
WDR33,0.461030118923762,0.0825914877650403,0.30268664164701253
TINAGL1,0.136043612853051,0.569207725218132,0.7559702991143848
C20orf27,0.46233027494824,0.0069252294870333,0.13501097421546948
PITHD1,-0.865618742712968,0.0191480639415667,0.1802606907167527
WDR61,-0.29825335347314,0.150746264404205,0.3856828953435886
SLIRP,0.0755410278885478,0.724568996709007,0.8590016522024864
EGLN1,0.323339550968377,0.279638903340264,0.5230211764543421
CLPB,0.780027206320735,0.0204716703086657,0.18620900321601394
LSG1,0.292500090376063,0.432986219961174,0.6609938360954581
NAT10,-0.187870054281507,0.474750362672316,0.6907312143601507
NSRP1,-0.257011346532373,0.19114039552508,0.4291165171059743
ITFG3,0.219588598958193,0.118878831402388,0.3504341203948655
VPS16,0.353966337960376,0.497930182343658,0.7066699927677784
TAOK3,-0.108881254583892,0.70777681536987,0.8511552938555441
PPA2,-0.059691214911755,0.712372791005035,0.8520911217955868
PNN,-0.243410015915842,0.514190013565369,0.7151196496355285
PTPN23,0.735790425341417,0.0206565992032026,0.18620900321601394
UNC45A,0.322439416044912,0.0172129291460535,0.1770989674387294
OSBPL3,0.341803098512258,0.0939705622633098,0.3138524197759805
ACTL8,0.6688077609179,0.005973405975154,0.13248153357138961
TDRD3,0.131398569154886,0.854120740502679,0.9258095316719687
METTL17,0.340485041497491,0.144807344637871,0.37761299870952514
NT5DC2,0.993430382612107,0.0044985074572086,0.12199952223949723
SLC25A22,0.159551564117201,0.504968662015933,0.7095970451306881
QTRTD1,0.561573806870875,0.0277443443611321,0.20167678659397542
SFXN1,-0.220401810748502,0.17823427455233,0.4188659901091153
USP42,-0.139693612696945,0.646903976589039,0.8100678328003255
CARS2,0.697484565870308,0.001054768292462,0.057210632183138876
SMURF2,-0.089203974952369,0.673507800723306,0.8258155376059574
TMEM165,-0.345805354570484,0.20274565210173,0.443371580060242
GPBP1L1,0.10177753254915,0.660120128939705,0.815973468406782
MCCC2,0.401786737952499,0.0807534883922418,0.301302847377444
MOV10,-0.0230488086054237,0.846541922256537,0.923068841113106
RAVER2,-0.267986750734305,0.293038515297837,0.5319414012635434
CHD8,-0.150754308727294,0.059527202637907,0.26406023539759405
SDF2L1,0.295882875142638,0.163188500024107,0.40185637848081446
CELSR2,-0.157545645919672,0.356417457859028,0.5896551296784165
PREB,0.291327495591279,0.146192202524735,0.3790375270048578
TM9SF3,0.0764389049141769,0.744958580532497,0.8708308924155741
LUC7L,0.190027954653239,0.502816551316596,0.7087518124587362
PDLIM7,0.32030070717029,0.104780913554819,0.3299324915297818
DDX21,0.0781793212149893,0.553165947960027,0.7451811596454698
CTPS2,0.265828369372183,0.156937817323525,0.394819443953061
AAAS,0.179686492711504,0.328082076820832,0.5710902389846575
CMC2,0.240066249373356,0.142058457331965,0.3747513097997793
DROSHA,0.067969129987624,0.709096734850127,0.8516697718837664
ARHGAP35,-0.0121452489001683,0.968180476774989,0.9826381033032885
LANCL2,0.110452585415498,0.431784066839355,0.6609221690897027
HOMER3,0.960620190805049,0.0021340754654497,0.0851119509161704
FARSB,0.310607974760387,0.307640469088348,0.5453078118742483
BMP2K,-0.13543888299241,0.46728211427371,0.6883388161622465
SPATS2L,-0.191759901317148,0.745870971377814,0.8711464575265424
FAM49B,0.160724986922322,0.462424033270975,0.6864870611537808
DDX19A,-0.0131230158531679,0.914068927957264,0.9571254566100773
ATAD3A,0.226926527997072,0.238550453442939,0.4785124480305108
NLE1,-0.0825196027592092,0.471322571752319,0.6907312143601507
ARGLU1,-0.0071499684435316,0.983795804328987,0.9933187719062594
FAM120C,0.273688454639718,0.0460047321439265,0.23488481636174705
MIOS,-0.0804705289250833,0.733469971890796,0.8618589964332057
QPCTL,0.374068597786458,0.145742494550125,0.37859544561296843
DNAJB12,-0.12461310124451,0.391699272898032,0.6256115595403197
FAM53C,-0.651942256089466,0.0088279513357112,0.13919312019996294
BCLAF1,-0.263571281101733,0.19644504845236,0.43597478514498134
CDK12,-0.253184957245061,0.126565685655745,0.36135777123799917
TECR,-0.160167858569892,0.802414664052492,0.9014699954061135
FAM120A,-0.11080496879848,0.488274083765594,0.6999937047613618
IGF2BP1,-0.173706026261957,0.107830782399423,0.3335036536553474
EHD2,0.539110454866496,0.0484548598624425,0.2406768863497144
FOXJ2,-0.103933376254062,0.782542589842516,0.8907998490222526
CXXC1,0.183744021671387,0.388439377050052,0.6211365510375831
RCC2,0.171792913424888,0.570672700938029,0.7571743468414553
CHD7,0.0463165444571665,0.783062994125756,0.8907998490222526
CPSF2,1.07948576195066,0.0072332719777212,0.13565047345491807
RBM27,-0.228846968650725,0.08790030402928,0.3103527846756835
RERE,-0.410158787071225,0.0247411662424271,0.19492819808454492
ATXN10,0.527977284719391,0.0932109146321808,0.3138524197759805
COPG2,-0.176540159982469,0.648919008490173,0.8100678328003255
MTRR,0.0378453294541146,0.809877085407168,0.9068483301503879
ASH2L,-0.214902679559682,0.333611175367181,0.5753804830193533
DHCR7,0.219992592895473,0.468029785030672,0.6883388161622465
SPAST,-0.44331801156088,0.0340643566899148,0.21686041160340128
GRHPR,-0.331307694254342,0.0538058448732322,0.25533937022764636
DNAJB11,0.140697340039928,0.546773270476621,0.7399446654354273
TJP2,-0.423609796319749,0.237245306352565,0.47716706174420204
MALT1,-0.513086378802466,0.0860397040954377,0.3087785199401451
NIPSNAP3A,1.14261487163589,0.0643249081451045,0.270883774673173
ABCF2,-0.0261119152779727,0.780669054222937,0.8907998490222526
TES,-0.0076973011613965,0.946040068149686,0.9711054749515323
WARS2,0.225948390614274,0.0561700942478564,0.2599544293518542
LIMD1,-0.0365686032478685,0.710769844521303,0.8520911217955868
TCF20,-0.0448165844549102,0.776928431237063,0.8890421542257025
SWAP70,-0.534859510846562,0.007912537138433,0.13852679314295027
AFF4,-0.405341891772014,0.0248016711849337,0.19492819808454492
SRP68,-0.570935311141355,0.0584861411130885,0.26382185643960027
CHORDC1,-0.162767960908738,0.490020149724921,0.7004361288081041
SEPT9,0.456043664735432,0.0141375943812221,0.16716019598419787
BAIAP2L1,-0.117004333681557,0.32637118156211,0.5695744172435279
NRBP1,-0.567660546198383,0.0682699381943604,0.2822379152181485
DBR1,-0.412932869455695,0.0167272142695136,0.1770989674387294
GPATCH8,-0.506346083461615,0.0177621383271882,0.1770989674387294
GTF3C4,0.0852143780639025,0.74125820148245,0.8672816872272496
AGO2,-0.490904023597775,0.0991796303250059,0.32251217918635017
NUP50,0.225730636472878,0.149890304903083,0.3842178704131958
SLC39A10,-0.102730100340803,0.197607338538975,0.4364096922782575
INO80,0.79327744172349,0.163617296591898,0.40185637848081446
NOB1,0.195819175275211,0.387141707120699,0.6197923906206233
PRPF19,0.161381881693952,0.0822041596963833,0.30268664164701253
VPS4A,0.644448635494854,0.131299479642688,0.36343002703391514
G3BP2,-0.161209810827966,0.320501013397817,0.5629525572117097
STUB1,0.173591005296498,0.270007844640941,0.5171336685495989
TNRC6B,-0.0333337061215424,0.863427399200013,0.9284754586163503
SETD1B,-0.0195164543108177,0.753581960052899,0.871891755829122
FOXJ3,-0.490650731198162,0.15884903197641,0.3966837704604272
SRRM2,-0.0096692774238853,0.961203155999011,0.9781392008517518
SMC3,0.218601042495521,0.474640422488859,0.6907312143601507
GNE,0.471286417574259,0.0824646921810666,0.30268664164701253
C14orf166,0.119289629277148,0.142518942984022,0.3747513097997793
RUVBL2,0.460926951442776,0.0077484270644487,0.13824825130779522
PLAA,0.237359286907843,0.236375911394422,0.4762640948749424
RUVBL1,0.265612591057504,0.129270133898542,0.36343002703391514
BCS1L,-0.225652468436746,0.821405030744877,0.9141074159951177
FARSA,-0.0016007951155501,0.989937747658345,0.997471308180591
DRG1,0.0105941149549125,0.960043880622156,0.9781392008517518
NCKAP1,0.319550166154581,0.105890163516836,0.3299324915297818
ZNF652,-0.681106391150056,0.0140059532143236,0.16716019598419787
POFUT2,-0.0499068830861233,0.723163266881149,0.8590016522024864
FNDC3A,-0.535507606986314,0.0357201227395873,0.21922090249135576
DIS3,0.207898356519891,0.212645083842419,0.45552406586148525
LRCH1,0.312031235502207,0.046537588417886,0.23488481636174705
GSTK1,0.248712418904045,0.439374597802422,0.6664339537137407
LEMD3,-0.314403007596542,0.298919462352505,0.5361571308862392
THRAP3,-0.615138492522512,0.0407194886860419,0.2268280763904798
WBP11,0.505130839818111,0.0850229734803741,0.30826511240477883
ZNF281,-0.230097640597165,0.540767886933485,0.7354877178353115
ACOT9,0.174249437067775,0.649965930742444,0.8100678328003255
NOSIP,0.0134715586717959,0.975771156861451,0.9866858230455835
MEMO1,0.307253763902427,0.192364785962635,0.43094475564430934
LUC7L2,-0.256659173242095,0.0709467718284381,0.28303748612532875
FAM96B,-0.0366085483602951,0.87639504408771,0.935741480144043
C22orf28,-0.165606074413894,0.464326707571948,0.686810920071096
TMED3,-0.195926424251727,0.52362350507978,0.7245239519267159
PKP3,0.139310545260447,0.704748096216214,0.8502121160757884
HBS1L,0.157904588760935,0.667535857403792,0.8221422548951335
SOGA2,-0.226417486202756,0.187975071553068,0.4288449345929099
USP15,1.30673707878508,0.0015194741653599,0.06868023227426748
KIAA0430,-0.0128648889254919,0.932551926014661,0.9660354558257297
IRS2,0.186513584782375,0.122628668978563,0.3555068653931475
LOXL2,-0.553283913586686,0.0403297070622136,0.22655198784880323
AMMECR1,0.453876519261115,0.20697089244928,0.44768181305987576
ARIH1,-0.0465239909914246,0.727746907842109,0.8590016522024864
RNF114,0.980792464657075,0.0012751339528553,0.0636575241043914
KCTD3,0.481274090838401,0.0746335659219747,0.29004102325154796
YTHDF2,0.171106028826571,0.42614532769168,0.6551622044783652
SUPT16H,-0.0893124265023175,0.739869238561962,0.8671241897061542
SRPRB,0.588539674871267,0.0080157926117475,0.13852679314295027
SNX9,0.457423228667633,0.0557504759066059,0.25889604564848495
COPG1,0.488167488200023,0.0344013045028216,0.21687008791807078
AUP1,0.999727355070448,0.0019766957043111,0.08376248047018287
OAS3,-0.420798969152909,0.146775693982788,0.37982412412339794
CSNK1G3,-0.0313224569006678,0.892914250681199,0.9415176702361632
SLC30A1,-0.519440577156388,0.10357299183395,0.3299324915297818
SLC4A7,0.0006623579777951,0.997229426188744,0.9990192812917575
BMI1,-0.157646032039803,0.656818386964843,0.8144221479542564
ATXN2,-0.137166955181748,0.267512124737609,0.5130784174599685
